,stock_number,sharpe_ratio,total_return
0,1101,0.8498246189749531,0.11139439061263459
1,1102,1.5292181187059921,0.1901771148713678
2,1103,0.5494915403969608,0.06043864868450172
3,1104,1.3011604160063541,0.11344295055051816
4,1108,2.0484251389650088,0.2791365100188045
5,1109,0.483029535259722,0.05539987148360879
6,1110,4.245559241127895,0.9823205291704941
7,1201,4.091875823050054,0.567293660662354
8,1203,3.180436071375176,0.6454932581248616
9,1210,4.118728294001442,0.6676834546873587
10,1213,6.305223040093493,11.029601232992444
11,1215,2.337543454515647,0.2441557784262716
12,1216,0.5262946526747335,0.05037642313815795
13,1217,1.482696384792499,0.24167354850648282
14,1218,2.521712112662852,0.9414122432410843
15,1219,3.8957147737114175,1.3632461883289404
16,1220,1.248751012718782,0.2556229074602358
17,1225,3.436946507435631,1.2483945314167406
18,1227,2.677617668613334,0.3289878257192079
19,1229,1.979119964484569,0.36912131041829865
20,1231,0.843045973984904,0.14954087166851765
21,1232,2.01637383292634,0.22834127879272473
22,1233,1.407442328691644,0.19869508022163246
23,1234,2.2262287329883956,0.1813092490804732
24,1235,-0.7599415666326735,-0.27223629493614426
25,1236,3.1236472040442522,1.6025462949304319
26,1240,2.807452959734976,1.0337863780568302
27,1256,2.0691983397244784,0.618344147264261
28,1259,3.901508775636992,0.4890297077256861
29,1264,2.2456918086066744,0.224350715039171
30,1268,1.5902087262136333,0.36007095607818373
31,1301,2.7619054170101585,0.4218572573940304
32,1303,3.580652706130718,0.5440075348889405
33,1304,1.21685876293174,0.24278438030560268
34,1305,3.5043402678634723,1.2086948106718884
35,1307,2.494629866692713,0.34789701351444224
36,1308,1.0562429277149827,0.19035862068965528
37,1309,3.7688730358425957,1.3285693304807433
38,1310,3.3483460823072546,0.5405485425004752
39,1312,2.3398947178564913,0.5089796522776973
40,1313,0.5561054771137073,0.08760812225099002
41,1314,3.461776654567644,0.7615123399119316
42,1315,1.8927393738201062,0.18319719953325544
43,1316,3.10881992774185,1.2531812110541747
44,1319,4.5698733719142535,2.333337296628843
45,1321,3.0628449595660605,0.45482352694614975
46,1323,2.858750750520758,0.33475694321734606
47,1324,2.3472553654152652,0.2952085078190633
48,1325,1.6957326227448297,0.5972055807738198
49,1326,3.3125042960836075,0.4783290469409448
50,1336,3.9355831576064877,1.7464663594563998
51,1337,3.771818815097329,0.9624476166730903
52,1338,2.366714507273091,0.6789706158638313
53,1339,3.0279981913950347,0.8107543679167145
54,1340,2.655775393021622,0.456849770400689
55,1341,2.175896663471975,0.40438776454983894
56,1342,-0.22098263486523545,-0.12348228267045087
57,1402,3.6642263458703592,0.5739346696394654
58,1409,1.2834972259274369,0.17193112641386377
59,1410,1.2099095412182523,0.2757152880626545
60,1413,3.9108874735973385,1.1546903737229608
61,1414,0.07075727437673998,-0.017094017094017176
62,1416,2.9239224344575203,0.4486579977534359
63,1417,3.8425366154555336,1.2315949235228683
64,1418,0.4694600469373249,0.07228184397815887
65,1419,2.8317734024649446,0.28045586967463776
66,1423,0.9221384768547646,0.11261841700769239
67,1432,2.220427810428536,1.0098476850015567
68,1434,-0.737868884135737,-0.03502501380701304
69,1435,1.5313787036821773,0.4723285445494643
70,1436,0.5930753392772131,0.06147782530167319
71,1437,3.450758641334749,0.6863825477862102
72,1438,0.5857089282103867,0.07861059993361039
73,1439,1.5588107726103053,0.3322390188304516
74,1440,2.955583113018374,0.5445455441266748
75,1441,2.4364916888089754,0.3586147694028648
76,1442,1.1542948591611808,0.2020459957845752
77,1443,0.7634349449702669,0.15684016612895804
78,1444,2.1361227580769224,0.4120558976421114
79,1445,0.5099239400826332,0.06129241757090654
80,1446,3.2110342821223874,0.6858947350894408
81,1447,3.2007805285131306,0.7433903577083484
82,1449,1.0248363332269252,0.318384443112741
83,1451,2.6316447024828733,0.4849234233899577
84,1452,-0.6139621989254193,-0.09918509952215232
85,1453,1.0316007504541702,0.2941232226987222
86,1454,1.8814828973211755,0.4092387924982447
87,1455,4.315980766380632,1.3769046187544172
88,1456,1.2243138320402618,0.2693347341234666
89,1457,1.4559425565871815,0.20452663351492206
90,1459,2.495195981839218,0.6445891537873311
91,1460,1.9191783744059356,0.3053567173561754
92,1463,5.7634402960531315,0.6983842297615016
93,1464,1.7979940161099,0.20170642011819795
94,1465,2.3008159267555013,0.3655019278952841
95,1466,3.41094470773377,0.8091094717722427
96,1467,1.8936693309564256,0.3319728632536081
97,1468,2.432930963487673,0.3333937074368197
98,1470,4.291408338765138,7.11846117434288
99,1471,3.8484068157486644,2.2363462206368587
100,1472,2.627076000789934,2.2184320035328664
101,1473,1.422126085519116,0.25405135841590776
102,1474,2.800336300538795,0.6562977984189092
103,1475,2.761618456089194,1.5120976560460642
104,1476,2.868847646923849,0.9579409297512214
105,1477,3.0113547923404704,1.0803114131384126
106,1503,0.8799632381719452,0.13343106178674688
107,1504,2.7957076913148864,0.5034296493001668
108,1506,2.5231853203807453,1.0755583642937057
109,1512,3.6142833061713917,2.7031834879544414
110,1513,2.3444531733469898,0.6481304365160989
111,1514,4.002606200730361,1.7084333710793755
112,1515,1.2726638558144794,0.37436119656671535
113,1516,3.4367019033509947,1.4200885630110305
114,1517,1.1287530525707654,0.24861878453038672
115,1519,3.2643553658025652,1.4775065546115973
116,1521,0.7619951686829113,0.12525739142040834
117,1522,3.524278024854683,1.667363786945545
118,1524,1.5709486001438728,0.5572346167400661
119,1525,3.3726001211203926,0.749762566917772
120,1526,3.3964583973792073,1.1441620822551786
121,1527,3.692338095666669,0.6389543381854474
122,1528,1.383114753523186,0.25852154539373245
123,1529,4.057708138189161,3.904469118196406
124,1530,2.2853087494750883,0.42925642431695593
125,1531,3.6950026691655156,0.5946092585249246
126,1532,3.3170133958280505,0.5526968865446676
127,1533,3.9865017011449946,2.1934098997655673
128,1535,2.9458257891854815,0.4454421467628171
129,1536,2.299624749072212,0.6628551391208259
130,1537,3.427103706272512,0.268028995461778
131,1538,1.092781304595954,0.38231786832335074
132,1539,3.5682194856147005,2.6030548629822903
133,1540,2.7977897569494843,0.445916415293008
134,1541,2.1599763969326307,0.8192258966701843
135,1558,1.5553446869284369,0.1674669384333643
136,1560,1.8650232833544802,0.7604165713459576
137,1565,2.2327770770121944,0.40045573746805674
138,1568,3.9841725091561724,1.8462512314436503
139,1569,2.754607778922347,0.7767483696897628
140,1570,2.2319695296280004,0.48232580813961223
141,1580,0.1989596527103389,0.013017967988959782
142,1582,-0.4270305991761702,-0.058220580433301306
143,1583,1.743533743118097,0.3774112005286042
144,1584,2.5928733271493023,1.3460859366201046
145,1586,-1.012954206444067,-0.08607153343074288
146,1587,2.855475356383307,0.7446325784981679
147,1589,3.594801625302523,1.264604632544832
148,1590,3.333966236641092,1.5005012026234952
149,1591,1.6767091860255094,0.7425404055732046
150,1593,2.1154348587489453,0.868959518041855
151,1595,2.5414988918364965,0.5575588194550104
152,1597,2.215138462368394,0.5306596371499032
153,1598,4.256016457515854,1.8421566795013211
154,1599,2.1988747507851025,0.5838096405481525
155,1603,4.376480039402499,1.9375928540695264
156,1604,2.5504936360790036,0.3858454620756697
157,1605,0.17648263996374525,-0.016046936653891775
158,1608,2.2104612022957038,0.569900667885432
159,1609,4.946018872242464,2.151119082942489
160,1611,2.843353939681179,0.998344362670799
161,1612,1.5812193284885712,0.3177050066565269
162,1614,2.2764874464955946,0.28057945996266453
163,1615,0.6233001815989653,0.09488789267760765
164,1616,2.2992618646400667,0.5789511162313101
165,1617,0.5305042689390881,0.0607973359809651
166,1618,0.6187013434224501,0.09661504621400638
167,1626,2.1851465481290626,0.7009303036135586
168,1701,3.329478544509294,0.8316279320767922
169,1702,3.0907816754672846,0.3628224589253588
170,1707,0.16356969941783317,0.007754697235202741
171,1708,1.295720300519416,0.4003087694673714
172,1709,2.849951690126307,0.7681786318467008
173,1710,3.832076496151933,0.9617732882746148
174,1711,4.991185806928735,2.0444740735803038
175,1712,0.3012983123407807,0.026858443373107832
176,1713,-0.0418522299025836,-0.010242155610647785
177,1714,3.6757990959287015,0.7109892421742794
178,1717,4.518939022136112,1.1842887284983865
179,1718,4.1062524339924185,1.0274437134626868
180,1720,2.731172886427228,0.5669641466183006
181,1721,3.9685818232525367,2.239714212069016
182,1722,1.9753177603342253,0.37945703968110367
183,1723,4.875180164629367,0.8881844115008135
184,1725,1.6129301012240924,0.339344262295082
185,1726,3.138959879210331,0.24411506836733834
186,1727,1.561566713818705,0.4811715481171547
187,1730,1.5809924987377515,0.22456242221229958
188,1731,3.244022437507129,0.5956756015515811
189,1732,1.1881879612254638,0.43066110353046155
190,1733,5.1695653534604755,1.5839022646102268
191,1734,4.233912926992793,1.5621764563789633
192,1735,3.7955557097119796,0.8947744453357785
193,1736,2.7071619219747336,1.1193643702249352
194,1737,5.222582686292961,0.42791012094036207
195,1742,2.7991485629788753,0.8754527163946242
196,1752,0.39703096835485524,0.05014187470080856
197,1760,4.434219541737121,5.25887857004848
198,1762,3.2808643801753328,1.2448556969458255
199,1773,1.3790565152797059,0.43761449671879804
200,1776,1.1391693739564661,0.1602632693558644
201,1777,4.080660921518064,0.817021743417925
202,1781,2.5468827668684275,1.2700213819396178
203,1783,1.3891610384399715,0.43694149073024646
204,1784,2.803115664983305,0.810870970817841
205,1785,4.896346036800468,1.8452645349420402
206,1786,4.425150375114748,2.209689574542142
207,1788,0.8057762982157123,0.11203689485876239
208,1789,2.951541784034101,0.7547056567795155
209,1795,3.4149803694319103,2.19396575184476
210,1796,0.5558791007988695,0.09396921889138853
211,1799,1.5161936266826885,0.7357364496591472
212,1802,3.3044228577817165,1.1013985998224698
213,1805,3.098453209141369,0.8458342416417003
214,1806,1.9859969196549998,0.4020036481865679
215,1808,2.205191670452072,0.6270910581925725
216,1809,1.3349157827521203,0.27841238181065053
217,1810,1.3954659756534442,0.39653764808963016
218,1813,3.055720776789235,0.691221603957506
219,1815,3.2144306212875438,0.9392632733487435
220,1817,0.23641283294776297,0.016823436507317668
221,1903,3.4639576411558726,0.6244033576622695
222,1904,3.457859212958229,0.516594073279675
223,1905,1.7352352944952887,0.30703624733475476
224,1906,1.5991458288563707,0.3563393306185168
225,1907,1.9217024781243086,0.30189764669395275
226,1909,3.4236534530831073,0.8049640863111165
227,2002,2.41971065533165,0.4492327245978683
228,2006,1.5937174888060697,0.2771274253254583
229,2007,1.3756910635163573,0.31629999430534705
230,2008,1.1523652680990344,0.23111541574377625
231,2009,1.7702820443793092,0.3709454026982904
232,2010,1.8395287389396031,0.3471376995404458
233,2012,1.843629539164951,0.45636186497220904
234,2013,0.29279518141535693,0.026272577996715965
235,2014,1.6710361686158572,0.3179126560138725
236,2015,2.741827914354084,0.5336367152072605
237,2017,1.3760026713887477,0.2777981425227564
238,2020,1.6535731476285112,0.2875258520563972
239,2022,2.1298828344097602,0.45881570559258167
240,2023,1.7351187271486939,0.32184547871551833
241,2024,1.4147389778686013,0.337807964630122
242,2025,1.7496868429998065,0.6066930107346008
243,2027,3.5059018301654175,1.1994209641024136
244,2028,0.7495753322268608,0.14662593879367358
245,2029,2.1040319561492242,0.5066502628423148
246,2030,1.069479849697057,0.2101867845681045
247,2031,2.6112411347442293,0.8178727754581041
248,2032,1.2564387122267835,0.29923675985160075
249,2033,5.5257751011856255,4.292987029391579
250,2034,2.665037162252386,0.7236995008646414
251,2035,0.5900236363547237,0.08944493741489651
252,2038,1.407050732356672,0.3335417868577396
253,2049,1.2560837904794486,0.2938882027185204
254,2059,2.16608806610403,0.5505336806992573
255,2061,0.3682197121329861,0.04551435700950222
256,2062,1.4727209133011048,0.2964845142740595
257,2063,0.2554034007612238,0.021801118629952185
258,2064,3.186366715864325,2.0083282082789764
259,2065,2.5451762724697713,0.3798846866359756
260,2066,3.174184211118532,0.9617597525863986
261,2067,2.1105454747724166,0.658662534107362
262,2069,1.1270436222220517,0.29033228149264717
263,2070,3.186069736313296,1.2149461735646505
264,2101,3.280122835639459,0.6759249628635163
265,2102,4.073392579718594,1.3399664946292278
266,2103,2.308945317900908,0.469982316805675
267,2104,2.3206621061643675,0.35416760216317866
268,2105,3.4437804331051254,0.6202991939483473
269,2106,2.3164104438094544,0.417867458043371
270,2107,2.3275615428531164,0.2839187244924004
271,2108,2.836444913557646,0.6912795793243314
272,2109,1.9907192391886588,0.2722665524388999
273,2114,1.9279418465140943,0.33665789262461177
274,2115,2.3795805490344035,0.3313919293949246
275,2201,-0.07167746269053561,-0.049491369035202265
276,2204,1.7693407401777441,0.3672971112190322
277,2206,0.18702475884385647,0.00393542771523542
278,2207,5.690505064103633,1.6280096606425747
279,2208,3.5900058273983584,1.15471989739693
280,2211,1.8534823169112256,0.3647577373663491
281,2221,2.4454633775284025,0.732605459338202
282,2227,3.267460362466239,0.8084110409448715
283,2228,2.2397180801430157,0.46536705765020087
284,2230,2.454111943901217,1.3632590702524587
285,2231,2.5878818847281133,0.9807788356695585
286,2233,3.1032954699498982,1.060436100727935
287,2235,3.7089856652275603,1.4471211016085126
288,2236,1.4275113536569795,0.405512650129196
289,2239,3.778732170023027,1.3485139446353551
290,2241,1.269428536860636,0.21223046595687456
291,2243,4.503812509519479,4.427004014951849
292,2247,-0.3073391451059792,-0.03208016361746004
293,2250,2.2982705744718057,0.6155345820109666
294,2301,0.4118174512233738,0.04665334143242191
295,2302,0.9942383079719226,0.2616831425072539
296,2303,1.8363412784322124,0.35101566460195593
297,2305,1.0603051101799243,0.3800542814742396
298,2308,2.494554519952538,0.6328305304888076
299,2312,2.0763022193989302,0.617107268661783
300,2313,4.399612921471427,1.8519370918464575
301,2314,1.9326724831948652,0.732211196976003
302,2316,2.3780531885511254,0.5181355027181993
303,2317,3.0384717806984827,0.45567066809079276
304,2321,0.678051254554699,0.15944055944055946
305,2323,1.6544053119262498,0.3950382441987611
306,2324,3.2089566512472456,0.4878111491533093
307,2327,1.8498600917764385,0.666077600752372
308,2328,5.052916542358587,1.9072735388301583
309,2329,4.113277372859717,1.656997566053226
310,2330,2.3697733220907207,0.6560241756999321
311,2331,4.448708919836804,1.9386990140710656
312,2332,3.643113569959958,1.0036750276049704
313,2337,5.283515919894262,1.9651033135217721
314,2338,1.96255575241713,0.6177248107225555
315,2340,2.379933517109117,0.4680187207488299
316,2342,4.449080419361702,2.553514806354682
317,2344,2.637651809737773,0.868983981474087
318,2345,5.221789524029933,3.8060928335010376
319,2347,1.9232057568091825,0.32378860031749424
320,2348,2.4193581265405713,0.5365895204884922
321,2349,3.5793679664827076,0.6662318853540102
322,2351,1.739608339430638,0.6639667740743437
323,2352,1.8412185160912207,0.340223923501818
324,2353,2.361480277510409,0.493235923150867
325,2354,2.419455200743443,0.347956566316324
326,2355,3.699266975213414,1.2108393358617497
327,2356,2.8966866691895614,0.44863771194228375
328,2357,2.394096177212039,0.6081068403259323
329,2358,2.142078362205825,0.8571110739038772
330,2359,4.024468174069256,2.9723356572031903
331,2360,3.2768430693247588,1.3800180212508997
332,2362,4.265996391104948,0.9070740728683637
333,2363,1.2935666089757398,0.31703139809275144
334,2364,0.13987355744951077,-0.17193790517002105
335,2365,1.879488839716153,0.39950937791878915
336,2367,1.9862003777079005,0.584112338124612
337,2368,0.6491896924865012,0.1381890967147112
338,2369,3.7648190879398205,1.360157960897441
339,2371,3.029662884154716,0.7791312660866094
340,2373,0.5299100864457517,0.05001615482592484
341,2374,4.835211348615478,2.4834286433743142
342,2375,3.888894247373388,2.095346096799547
343,2376,3.3471302174460686,1.6109824220422735
344,2377,2.4011918530914333,0.7301841010230319
345,2379,2.8200102497869985,1.084589683394537
346,2380,1.038292563139798,0.31061283544874485
347,2382,4.105687640226938,0.7681583165210225
348,2383,2.499018721286807,1.0134910847513439
349,2385,3.4491454976742317,0.5184299707507677
350,2387,0.7875008950131197,0.15033557541408812
351,2388,4.547134485075061,4.324698864627746
352,2390,1.7374935775586158,0.5359784472160815
353,2392,3.181454241528561,0.6602517516502104
354,2393,2.5424781054851504,0.5598939063762154
355,2395,3.3314056491931923,1.1276812219057917
356,2397,2.6951805440923113,0.43466332911703204
357,2399,5.935834044986473,5.060473289932203
358,2401,1.536769555752854,0.38387978142076506
359,2402,3.5528445175947474,1.112966894801543
360,2404,2.0523820700417,0.5442161657735849
361,2405,1.7438000494487993,0.5899075428074303
362,2406,4.5602931272946305,1.90484446807935
363,2408,2.0356927992857523,0.48580832697758836
364,2409,4.020130350612025,1.7330901593322054
365,2412,2.669557248830689,0.3141138760790494
366,2413,4.615671682252273,2.5112613951171125
367,2414,1.9672518179026468,0.27481705075280843
368,2415,2.425821739258566,0.8124533008475459
369,2417,3.967966111282219,2.2671277246774766
370,2419,3.4197193897697704,1.8194842088811367
371,2420,4.500739809549005,0.5239935610320521
372,2421,3.396470341531492,1.4909543777941485
373,2423,2.2520677685810266,0.3468344479304045
374,2424,4.575067218101783,6.613956175795921
375,2425,1.41770035846805,0.3099004407158614
376,2426,5.640626974316372,2.851824487035243
377,2427,3.1451611064347453,0.8082442097190932
378,2428,3.939822587890603,1.5600874663557838
379,2429,0.5379204305406328,0.10119943153491291
380,2430,2.6309437102959454,1.1912688744590543
381,2431,3.649335339827989,1.0006118136234508
382,2433,0.5955279518674587,0.054711321640694595
383,2434,1.2604184234059088,0.26614987080103375
384,2436,2.2057991559406656,0.5038680950075001
385,2438,1.0821017867592462,0.25131631540566984
386,2439,5.546684705293667,1.6132611577570446
387,2440,3.4277312572889325,1.7395025606169536
388,2441,1.980442675486791,0.3668537517357626
389,2442,2.669293502022932,0.5505771746871986
390,2443,6.04454520330901,7.506336179110601
391,2444,2.335497610618995,1.01027754424994
392,2449,1.7767450506882256,0.37165582108544415
393,2450,2.981510147077987,0.38924250951253725
394,2451,4.468117743314428,0.5858463176672533
395,2453,1.557165975852766,0.3335384518235767
396,2454,4.376653143978083,2.246176388766049
397,2455,4.193797917926067,2.2715156605445763
398,2457,0.6943514855253548,0.1394849785407726
399,2458,2.793768701543042,0.779072661904319
400,2459,1.0152734518711004,0.1219485968855129
401,2460,3.352448505262343,1.7134167542127516
402,2461,2.499632459207784,0.5322900807471987
403,2462,1.4753680771294642,0.45627004150747097
404,2464,3.619580236479572,0.6944124553956891
405,2465,1.5942667174644891,0.465068493150685
406,2466,3.5967611134074775,0.796861363849199
407,2467,2.245850041617895,0.47380096947931066
408,2468,2.6943785501199566,1.4148262500309305
409,2471,0.4446302484454277,0.05095117086123395
410,2472,3.6283395341400912,1.113094425269673
411,2474,0.5005696758254734,0.06582978700073468
412,2476,1.5941752420115622,0.3318452380952381
413,2477,2.066397120388709,0.52188695655749
414,2478,2.6532638161146433,0.6521228622946458
415,2480,1.8148649820011575,0.3219715329059369
416,2481,1.9444660005358307,0.5948645469375734
417,2482,1.4304952903545871,0.5706364831068362
418,2483,2.963980217473402,1.2141482542893989
419,2484,0.5408742821681563,0.09220801598291814
420,2485,4.815993752097605,1.6079800398668425
421,2486,2.112167817110734,0.4749951885037314
422,2488,1.4272172488416035,0.2581453942756687
423,2489,3.051922963034582,0.7710014613102044
424,2491,1.674204069757691,0.4524555903866252
425,2492,0.9062982096385008,0.20017592654523056
426,2493,0.12449823711172861,0.0015985653320073822
427,2495,4.857537804484082,2.456669783248587
428,2496,0.9125201803216418,0.10260919094855694
429,2497,2.0326018377586,0.9737205263053061
430,2498,2.6407193805057902,1.6091603066978855
431,2501,1.9677421993304263,0.21534543721745422
432,2504,1.9537349329329157,0.459024291365987
433,2505,1.9114147552103535,0.316278684083605
434,2506,1.6886969656806115,0.1941719311358611
435,2509,1.1179730572228066,0.11832386939883349
436,2511,3.4143564144952916,0.5583242475630905
437,2514,2.9049586522115463,0.4733309934796942
438,2515,4.557155076307148,0.8218144131261599
439,2516,2.433221019350856,0.4460175750165172
440,2520,3.2765548210760707,0.7112792222359618
441,2524,2.4568548943622694,0.6605868281674543
442,2527,1.2243644944152368,0.2210085428089934
443,2528,0.4832416011072889,0.06120835789511077
444,2530,2.174788483973429,0.3359446147958677
445,2534,1.4792532129698925,0.17661164919362562
446,2535,1.1201712801419064,0.15021742958396075
447,2536,1.8832121791475116,0.1757242458788859
448,2537,2.0861515810957143,0.3243416368035233
449,2538,1.758873218736256,0.30135140463348703
450,2539,2.232865473689693,0.24772174856477364
451,2540,1.3873088133770264,0.5759761568025132
452,2542,3.518369528680534,0.8441499468919076
453,2543,1.971877322513915,0.6618884988716499
454,2545,0.9407940162633619,0.19150472588753942
455,2546,3.190979199796524,0.623088898700895
456,2547,2.019948360003058,0.2658843485689107
457,2548,2.007603919452951,0.19210123865491127
458,2596,0.5147094038220819,0.03485237229004014
459,2597,0.7010316443823952,0.10510140601229721
460,2601,3.5645962763739134,1.15111045451124
461,2603,0.23425292923253863,-0.09108777314283302
462,2605,3.965648232745829,1.889844128563388
463,2606,1.6401467191187742,0.4750077590799475
464,2607,1.4928989776349697,0.34145230994588277
465,2608,3.538498217187508,0.9454868187602756
466,2609,1.3262134456323145,0.3596925672509139
467,2610,0.9223282414818124,0.20053458135507468
468,2611,1.3986172487911752,0.4122847152990601
469,2612,1.8132862946548043,0.5707461078459548
470,2613,1.5231666934006272,0.5520087409027957
471,2614,1.9992258104452607,0.4062111801242236
472,2615,2.3606593714283206,0.5948451001053742
473,2616,1.572516473941922,0.15766352511373583
474,2617,1.442381151362911,0.3174843433634473
475,2618,0.45942052180591103,0.07244292968650015
476,2630,3.0885344112041127,0.7726761202802902
477,2633,4.059834948086415,0.4576422687439873
478,2634,3.5314629760967717,1.0729617292160398
479,2636,1.786300447200118,0.40684393274853775
480,2637,1.0764416939332904,0.23899553266161036
481,2640,2.3913338744677852,0.29329787337719393
482,2641,1.2012484062591067,0.3218043576609317
483,2642,1.7483166343146623,0.4354341344691207
484,2643,0.5162855996729703,0.08233731739707849
485,2701,5.250881244983454,0.541764842475674
486,2702,3.092238824417118,1.7413556901094511
487,2704,2.4022498141552275,0.3951703346297407
488,2705,3.462250873337988,0.9067179342383533
489,2706,5.0962274077714875,0.733049425931163
490,2707,1.2100421683373879,0.27596336869546034
491,2712,1.9064367881809077,0.5465249651918711
492,2718,1.7923695437713538,0.3541363651712794
493,2719,1.6450992961842035,1.58736334919383
494,2722,1.3767770340875838,0.3829062314357705
495,2723,3.926560469049402,1.4400404040794077
496,2724,0.9613877485252461,0.22792022792022792
497,2726,0.682495057438658,0.11983754966461917
498,2727,3.0143460988968207,0.8926202184880319
499,2729,0.5584285830504154,0.09521017097092227
500,2731,2.7324479674458777,0.9831439905372937
501,2732,4.544688251368267,2.3216393547746104
502,2734,3.227228385982592,2.440710737088882
503,2736,2.1548829919771584,1.125796150280156
504,2739,0.7662889234550406,0.1566830254030637
505,2740,-0.2747660144916774,-0.16456716998023935
506,2743,0.25803347513963654,-0.027049592851577698
507,2745,0.752503305074196,0.199580949889004
508,2748,2.6581256028004443,0.8187831806444745
509,2752,-0.7670271573804557,-0.18389050734905582
510,2753,1.071675386610946,0.22360257958562882
511,2754,0.3062869393103185,0.031133977014734596
512,2755,-0.7002349032565413,-0.18927733324497054
513,2801,2.3242332308415086,0.2407964796698181
514,2809,0.9457395814508651,0.11588457009790787
515,2812,2.6083926208646773,0.39020743905178135
516,2816,0.8220276933508238,0.10685983626133748
517,2820,2.1218474075243647,0.24008435223855087
518,2832,1.7879239444051354,0.13283798716803275
519,2834,3.298576291833582,0.6762903790186021
520,2836,1.0757569330852745,0.16637712557226947
521,2838,1.450212690146477,0.29862833909020553
522,2845,4.356633166548365,0.6360450781979875
523,2849,2.44370955547732,0.3274059132917563
524,2850,2.3197897843304687,0.46412682088833435
525,2851,0.2506551614916757,0.020055219784379973
526,2852,1.7256525800223332,0.22434490309460742
527,2855,3.428104260702626,0.6376189496868208
528,2867,1.325999512221527,0.22514179869561546
529,2880,4.458648192614382,0.7649864734473417
530,2881,3.307782034918287,0.6952448823056188
531,2882,1.391881685790978,0.2102647070948086
532,2883,2.2032454433169577,0.4048356204801044
533,2884,4.202497210996581,0.8583668634273874
534,2885,3.891418798479144,0.7559074344048853
535,2886,3.5125591667012337,0.5604352371861373
536,2887,2.50376241585748,0.4328713543927418
537,2888,1.817154637213645,0.2928181112479416
538,2889,0.3046335459152019,0.028010566713553117
539,2890,1.6755480894820252,0.23538250752231776
540,2891,3.317895305546779,0.6914711810029383
541,2892,2.6166198090152752,0.3819850988849484
542,2897,2.4951684723871734,0.4631043058909225
543,2901,-0.23488307321133392,-0.02926561899023554
544,2903,2.347662414335632,0.3265484531059604
545,2904,-1.494128819084988,-0.18547018550041913
546,2905,1.9781966307873446,0.29015560777944815
547,2906,2.277977341104099,1.2126069353501978
548,2908,-0.32121072474575674,-0.037948679747475324
549,2910,1.3297530177556092,0.2577360141805379
550,2911,3.0208868842890215,0.6449740686106403
551,2912,4.162000938519277,0.5702220784690468
552,2913,2.43424840137228,0.4625448607713757
553,2915,2.6576424799257876,1.160575504999098
554,2916,0.6937740247608118,0.10277247932532405
555,2923,4.17903421504513,1.9436457469265407
556,2924,1.7958895190438666,0.9459642687972567
557,2926,-0.4101371421612226,-0.12494121344291827
558,2929,1.3991190686708745,0.6227326770753976
559,2937,2.73822515365669,0.5774141309437656
560,2939,2.6453922619821157,1.072282596751138
561,2947,1.7621620756297836,0.34384590050675995
562,3002,3.7253911009827068,1.0929389506985674
563,3003,2.9411364026739246,0.8709145088773537
564,3004,1.395844819636076,0.3157592151921008
565,3005,2.4114599020308485,0.5217207933851472
566,3006,2.0398999312475357,0.5373612303277961
567,3008,1.0895190693738948,0.23357741513577734
568,3010,1.6730140996813443,0.2570850202429151
569,3011,0.4766590913052709,0.0756052536512155
570,3013,1.5661327168691461,0.47128808226796026
571,3014,2.580071658674315,0.7852648426902724
572,3015,1.4600749340121122,0.1921619981181138
573,3016,4.556100702006338,2.9263930723435134
574,3017,1.29791826517007,0.4265046137947327
575,3018,3.3883754746692136,1.3762612583189753
576,3019,4.003333324495409,1.4871985258837896
577,3021,1.129657487119505,0.2586368348347618
578,3022,1.8541720950331815,0.4490071057115152
579,3023,1.2958425212244036,0.32503472955427837
580,3024,1.691843572481606,0.3213053317262212
581,3025,3.127768902935072,1.8983806168060249
582,3026,1.4986238075309184,0.21374250230166567
583,3027,5.0733964105753095,3.7139658750727427
584,3028,2.3660435713002324,0.3892039499899013
585,3029,2.2989740689390556,0.33403206712363387
586,3030,2.546917393926008,0.5634619734080002
587,3031,2.748110511898826,0.6942279971214671
588,3032,1.123714358647448,0.15777256667833414
589,3033,1.7199479610237653,0.32617689877419254
590,3034,2.488157470573996,1.0115344094264516
591,3035,1.1588881970602236,0.332564892302742
592,3036,2.457991839903253,0.4935093370369577
593,3037,1.3317363082423055,0.3407551450765489
594,3038,4.358937341237362,1.2238020044233011
595,3040,-0.5341186166216704,-0.08309072333325432
596,3041,2.823104665478353,6.1671315422146655
597,3042,2.0011292791564657,0.4898985523499991
598,3043,-0.43543963287149917,-18.765312228107923
599,3044,1.627305476560588,0.29508207728618774
600,3045,2.8261656502928614,0.27243441773921473
601,3046,3.593724291570447,2.945364698937646
602,3047,5.556312223448712,3.7541564167647414
603,3048,1.4370659969970656,0.25118852263576213
604,3049,0.9291858487237169,0.17801928796537353
605,3050,0.16217028041716852,-0.0019137449296552235
606,3051,1.672883522604252,0.41569282136894825
607,3052,0.510987526219805,0.04756308928146964
608,3054,0.36477197140355083,0.04511894282042675
609,3055,0.15837262175641556,-0.008316705518906673
610,3056,0.7786693876913431,0.13678571268529297
611,3057,3.1591594372357275,0.4987748297018507
612,3058,2.8163688026645985,0.9752472313471071
613,3059,5.85026643143526,3.965257369182643
614,3060,2.576492768826756,0.6570190733896325
615,3062,4.592097335158599,2.772640371138736
616,3064,1.5379874129282276,0.6433379582766497
617,3066,1.0778016997021094,0.3389376949140804
618,3067,2.636955655763571,0.7739419281116767
619,3071,4.638422893775537,1.757372931517936
620,3073,-0.02753558951963327,-0.12198355711201274
621,3078,2.6810911292037325,0.627316897213615
622,3081,1.529154506234215,0.521045526581737
623,3083,2.8186698976050373,1.0423950904037553
624,3085,0.5980609298040045,0.12753296175878417
625,3086,0.5331920563653078,0.09121285140562244
626,3088,1.9793797819750667,0.4916230546077989
627,3090,2.5325230462659873,0.40267835411733105
628,3092,2.184100283251638,0.8441450220507685
629,3093,1.3418159977262545,0.5694045189038563
630,3094,4.856853756278754,2.745441124129568
631,3095,-1.052728743843342,-57.75419944429049
632,3105,0.375453404568287,0.03638762915992175
633,3114,3.1594844554086716,0.8241948128911935
634,3115,0.6131789299805123,0.12241579478954677
635,3118,2.834147085866221,0.5729827676413649
636,3122,1.4859220552927772,0.433867301741018
637,3128,2.7451686555561245,1.3932750718281328
638,3130,0.47324356046052124,0.04201078552743866
639,3131,1.1725938695759455,0.340824901605545
640,3138,-1.237074410342796,-0.3311705561148173
641,3141,2.073878414141064,0.6334883720930232
642,3147,2.6521647386695766,0.8407233817337243
643,3149,6.00819341974236,4.62870555771304
644,3152,1.4378308101548591,0.4394870436500702
645,3162,1.6430265472861902,0.475612100288875
646,3163,3.4513999958741994,2.2188278255025473
647,3164,2.359656791443403,0.7623941102059968
648,3167,3.8021374628918947,1.3580849002508628
649,3169,1.687463386928466,0.525462962962963
650,3171,0.049627394720285725,-0.03753550846844675
651,3176,2.643163622611185,1.0335487777085728
652,3178,2.3667438627735162,1.0702259238801748
653,3188,2.0307639507861506,0.4071359126929119
654,3189,1.5218078673771938,0.475609756097561
655,3191,0.5178085035743428,0.08404089318465197
656,3202,2.5448698118632844,0.7979655525992407
657,3205,2.277163984377474,1.350481867797062
658,3206,1.4517729152841068,0.22115933911607116
659,3207,0.1839983025244863,-0.031862342663691264
660,3209,0.7163089325548089,0.1401797213974781
661,3211,1.290311890914276,0.2722737575243255
662,3217,1.869544671272434,0.6487249071682729
663,3218,3.065554501426758,1.4478510385738557
664,3219,1.4515949531166192,0.5718051554200901
665,3221,3.7943339917731533,2.0870943108802487
666,3224,1.409674983344401,0.41116273062103803
667,3226,2.1628203993877597,0.3867589439416204
668,3227,1.838893802588711,0.47819876956051954
669,3228,1.6727025392173775,0.5506919320970476
670,3229,0.21897683858981468,-0.007290336573707705
671,3230,1.3874106849351593,0.31351351351351353
672,3231,1.7111992833489498,0.27484044427204396
673,3232,3.3291727139750007,2.052163362224283
674,3234,2.7650015081957533,1.2934522043914187
675,3236,4.306803330944845,2.0164505031483464
676,3252,2.4875290414938385,1.2478129151333703
677,3257,2.048752593779107,0.6229388738284556
678,3259,1.5578117705052845,0.4066674589749945
679,3260,2.4792632402494235,0.6929118240238423
680,3264,2.249340805475539,0.7371985126419185
681,3265,2.5579856564270536,1.1486647565532224
682,3266,3.1838154388578035,0.6800468801397372
683,3268,1.0007985341602839,0.23333333333333328
684,3272,3.470597371086338,2.8756570352338198
685,3276,3.0007597961314536,0.9883046384131969
686,3284,3.7656617420655594,1.2381208159489965
687,3285,3.0097584397474746,1.1174551461397288
688,3287,2.3327952305282635,0.8799101590373658
689,3288,0.5755153593865646,-0.08505666595022675
690,3289,2.615163364668473,1.2620069882646112
691,3290,3.6916851398893966,1.5971590880365687
692,3293,2.309458079367558,1.7590893887928942
693,3294,5.085386935816486,3.5143335694162805
694,3296,5.374002004812947,3.954964581744635
695,3297,2.9198873196894453,1.5091851072709708
696,3303,0.8017203259552855,0.13516093286567896
697,3305,1.7033161414100193,0.49831079570520587
698,3306,5.549862544670091,4.2082626344736775
699,3308,0.654401294323072,0.13316960021831073
700,3310,3.502181875109121,1.051385926527115
701,3311,1.0330402919218964,0.13242898550724633
702,3312,1.7487565086732257,0.44666333424277893
703,3313,2.700879870193982,1.0427726627527876
704,3317,2.4570397399535215,1.0330954184342567
705,3321,3.20304372408086,1.1513805130551729
706,3322,0.7958017450322582,0.1957446808510639
707,3323,3.031457548156242,0.8952186795917189
708,3324,2.328290212596518,1.0685830965623715
709,3325,1.918283431784172,0.5459121907235791
710,3332,1.1086611729816942,0.29312160626836914
711,3338,3.2629950581576566,1.3978638864978978
712,3339,1.3148908101739147,0.2903370786516854
713,3346,2.6031738467499026,1.2043158101727007
714,3354,3.293936319019039,1.5650284959942977
715,3356,4.224802617438103,2.5891257299229733
716,3357,0.707135888748737,0.10893163351730706
717,3360,4.647661420031533,1.387881346000701
718,3362,2.280581610127468,1.1832655236609972
719,3363,2.024048606118047,0.5782242799306937
720,3372,2.191347923062348,0.48251748251748255
721,3373,3.89137083690655,3.907169713322729
722,3374,2.335476941897637,0.9819169171737321
723,3376,2.2210026085365744,0.4625905567700721
724,3379,2.4855581346020372,0.5537680262481177
725,3380,6.234248080418364,3.6212798030138593
726,3388,2.9323672930981606,0.3925934751653935
727,3390,4.539771638786982,3.3590182868630736
728,3402,2.4965409423413853,0.6551486551403525
729,3406,1.6580757430595003,0.6078224259861608
730,3413,3.4273486719059263,1.2132186913966791
731,3416,3.264943651116923,0.35290559387056564
732,3419,3.692876324847113,2.2130644262250696
733,3426,-0.3469293738661499,-0.04997354674837823
734,3432,3.7183564440979553,2.0243964135943293
735,3434,1.8656478272516075,1.0441802420490416
736,3437,3.4676443570347035,1.319453051770509
737,3438,1.5407207557440625,0.5054914291321648
738,3441,1.1561569027892913,0.3655189656568581
739,3443,3.4587087749131373,2.5130093997595093
740,3444,3.237274596770502,1.7247530352203457
741,3450,1.2643521454311666,0.20857035539366764
742,3454,1.6406406726236218,0.5828784210220569
743,3455,3.8078235326723227,2.0830251452649016
744,3465,0.6281807829366387,0.12029232740722434
745,3466,3.873089283086786,2.9589492541434605
746,3479,3.5777238214258236,1.5670837089697636
747,3481,3.2123925963042046,1.0342254938122784
748,3483,2.634961302591041,0.9573480771893742
749,3484,2.7720785325826465,0.875330928589531
750,3489,3.665664959441352,0.9961500332568446
751,3490,3.2002114209596875,1.1550133536811793
752,3491,1.6185378389264318,0.6379019240135765
753,3492,3.414693421407979,1.0591685091356404
754,3494,1.6667350990082408,0.8162542483542299
755,3498,2.150737345305071,0.8209909597759355
756,3499,4.12310121512457,3.7499911402553003
757,3501,1.504500588718595,0.19260289469302336
758,3504,1.5424180525529132,0.6261218574422773
759,3508,1.225586673809862,0.48249573980974475
760,3511,4.8797455390230775,4.130306123993499
761,3512,0.6116848619416643,0.07259295485572309
762,3515,2.5347392356986305,1.3466377395799032
763,3516,2.3403765136874846,0.5654468435131443
764,3518,-0.6932410482791922,-0.22342682736662312
765,3520,3.891380332912341,3.6043189163086384
766,3521,3.826603779952634,2.5392615287798295
767,3522,0.07735659596468601,-0.29770876891012704
768,3523,1.0342667957606781,0.34603758660967715
769,3526,1.3756437307296212,0.33490344121315074
770,3527,2.8363020246560553,1.5252479561747152
771,3528,0.923486377052871,0.11872013766984224
772,3529,1.036458563256368,0.29870129870129875
773,3530,1.8506818363140092,0.6734959232968183
774,3531,3.0662390999481106,1.2196491112476124
775,3532,3.9181636948878356,3.544927031436503
776,3533,0.692818607154268,0.14414613000872792
777,3535,6.455170297408444,8.675898067211687
778,3537,3.1154239045179706,0.8361348338314173
779,3540,2.6168502229971735,1.0077029266026307
780,3541,0.6115083976954567,0.0911368894289032
781,3543,0.06054520615839766,-0.023017410643975608
782,3545,2.568414294498087,0.626959247648903
783,3546,2.35842364516893,0.4997700262231237
784,3548,3.586320530058226,1.8212440674176111
785,3550,4.272685292203963,0.8710478866480451
786,3551,1.9141383111494652,0.3898544652074341
787,3552,4.183789248612005,3.2276932784911083
788,3555,3.0198074813494564,2.1678497062070843
789,3556,1.7981491570982469,0.45151544031503105
790,3557,-0.24932440008029844,-0.10306343489627977
791,3558,5.092812265194473,9.121493103797983
792,3563,2.539715303461329,0.685865302618337
793,3564,3.4293790766927703,1.9566381412459708
794,3567,0.7457835528854344,0.0983859724119388
795,3570,4.242920229232425,0.9841403424718567
796,3576,1.2798739035003606,0.27866997296350815
797,3577,-0.23904533292543156,-0.1286929893574866
798,3580,3.5843413140258114,1.6087042882068432
799,3581,1.7707732569797654,0.5130177071674951
800,3583,3.504531934653703,1.4636858627508433
801,3587,4.566248264528796,2.40978229747547
802,3588,2.03975765922471,0.5258895034438013
803,3591,4.283900434919345,2.09689179023273
804,3593,2.123410402425619,0.5367027805874309
805,3594,4.028088226899211,2.70638028178219
806,3596,3.5846846316438037,1.9319828091902536
807,3597,2.4210535009894287,0.6511978801712621
808,3605,3.382855153493633,1.0376861744849
809,3607,2.2395116196085456,0.6270961018464039
810,3609,0.7298345515386886,0.11773102977964157
811,3611,2.260525894142745,0.4004433770424171
812,3615,2.0694793730890155,0.47932043764357957
813,3617,2.7348881096931175,0.7690768951472893
814,3622,1.2264582837002636,0.31245629951679876
815,3623,2.577884338111298,1.1443861216597184
816,3624,3.5937937709554126,2.4410389808129
817,3625,3.1505174358428287,1.4647723462285374
818,3628,5.00028579256964,2.9850321572659
819,3629,1.889937429282545,1.2123094663484373
820,3630,3.0961234119248786,1.3978414421358119
821,3631,1.8033374783241025,0.598329492171699
822,3632,2.792281360383197,0.884232000371027
823,3645,1.6752751863326905,0.5761745983761122
824,3646,1.6349579183564307,0.3165721297818848
825,3652,2.6159581978475517,0.6692283783632922
826,3653,2.765479045428793,1.5830618499981397
827,3661,2.7696872988411534,1.8563705187355743
828,3663,1.034776571375565,0.24421546475614575
829,3664,4.581701514007514,4.785855648913692
830,3665,5.496835252522011,3.1924676493808515
831,3666,3.6009967395735774,2.0842448901710715
832,3669,3.9234578974121144,2.086570245820016
833,3672,1.4283662347493742,0.46467617949055806
834,3673,1.8877295283448525,0.39281081383585986
835,3675,1.631114763998518,0.6178471635255447
836,3679,2.1607893630414923,0.5224665043986425
837,3680,2.8650437231770254,1.766153047907494
838,3684,2.869006896095926,1.1427664130865545
839,3685,2.596463723776375,1.4990389240506852
840,3686,3.558183187816371,2.2878573275686738
841,3687,1.1386845896632483,0.3453304591988211
842,3689,3.4700105827319,1.3362170376631082
843,3691,4.454658871895839,2.346738490466957
844,3693,2.2678657665175432,1.0998447664969866
845,3694,3.369652818177068,1.3494072803465722
846,3701,1.4524516462377528,0.4410029498525073
847,3702,1.6824571516488362,0.2365368086618814
848,3703,2.5224124232538734,0.5168762781783051
849,3704,3.4062200548819206,1.5663016880218594
850,3705,2.149938268480675,0.2836318317680548
851,3706,3.0861979108633566,0.435370984817807
852,3707,0.7766735213405335,0.1890786971722995
853,3708,3.3562368363571795,1.7818843959138246
854,3709,2.051685061575234,0.4662398843348271
855,3710,1.6009537294492233,0.7249807946579091
856,3711,2.3496252978420475,0.6658572563946925
857,3712,4.191245453555844,1.3813797950358315
858,3713,1.0458554427418927,0.2800549097639019
859,3714,1.827896034615276,0.4509623578453972
860,4102,3.4368060689517996,2.1975750340333713
861,4104,0.8997998186121973,0.10366478752118496
862,4105,4.941466780175752,1.220901986560373
863,4106,2.112316255032783,0.7104819221552026
864,4107,4.028136207278693,0.9891099689457892
865,4108,3.566718577481413,1.1160510590170203
866,4109,4.391383315144018,1.2729784926976775
867,4111,5.103192243178936,1.6426825795915796
868,4113,1.2857146580153371,0.17240045586061042
869,4114,3.1627737788982726,1.3449801139633342
870,4116,2.9608360032139793,2.8375220187236563
871,4119,3.0978578156868024,0.6895901232560641
872,4120,1.0068192507375746,0.17337628761915524
873,4121,2.4890736579474,0.8638145477506066
874,4123,0.23880715932132915,0.014642905236515418
875,4126,2.0458528758430807,0.27990556635604663
876,4127,3.4758022336767165,2.186388871527096
877,4128,2.1539188262158317,0.8825978021933145
878,4129,1.639249033099676,0.3421803771713843
879,4130,4.373477228107764,1.849671970979164
880,4131,0.7353481318508418,0.18151919154538831
881,4133,2.001894832286141,0.9497699125640651
882,4137,2.771123738805642,0.6922627521751116
883,4138,2.872776094163615,0.39805980329222934
884,4139,4.0237554939683084,0.6803310394875095
885,4142,3.0688099953385612,1.0278242826601445
886,4147,1.6591447841198677,0.45294774904215385
887,4148,3.6486424849839154,3.8287747097140383
888,4153,3.4784746039114536,2.120381805695256
889,4154,0.6239776051754444,0.13375110566306417
890,4155,2.6026468005559678,0.6482993329282997
891,4157,3.530046557542609,1.792128620133791
892,4160,3.6010260776721212,0.977793119112277
893,4161,2.009358177971148,0.5101881639194457
894,4162,2.737413994581843,1.5742569731733191
895,4163,1.8435413007593315,0.3410672944844404
896,4164,1.706711043608562,0.4088696420551179
897,4167,4.360980040895676,3.1134652178321334
898,4168,3.756039513858794,1.9475008841727561
899,4171,2.0483887935572045,0.9913401433443667
900,4173,4.3316047218704625,2.0160755537152335
901,4174,4.613303949126914,2.292782991622762
902,4175,2.454967945124341,0.9696889406308997
903,4183,4.236003581517177,1.8514882513583018
904,4188,1.9861832038802874,0.5484270697611262
905,4190,3.1468136346170748,0.7372516652459324
906,4192,2.2314652963393775,1.2572446882267625
907,4198,1.4221225943244027,8.457191779884585
908,4205,3.6229250698077,0.5216305263372027
909,4207,4.268028249692858,1.1638102653345745
910,4303,4.018076722485464,2.2869895546970747
911,4304,1.4791681061444726,0.7325610235187472
912,4305,1.6795488025349243,0.33393942531717724
913,4306,1.63232148217738,0.2114852365310483
914,4401,0.8637097895964647,0.1186914479016805
915,4402,2.1551608029428473,1.249198466969996
916,4406,3.0044988937283867,0.6147895522630472
917,4413,3.5752960853140947,3.680064116997435
918,4414,3.09446138999808,0.5958817034677353
919,4416,0.6162987851577574,0.08850507400144451
920,4417,-0.9824263501843091,-0.14109500824914634
921,4419,0.18218756944093928,-0.007920095885114194
922,4420,3.1065158097619134,0.8071311537611908
923,4426,4.292690285673796,2.4442400847407595
924,4430,2.783880641541663,0.6089343366134556
925,4432,2.9285524820641213,2.4348868195358664
926,4433,2.2339591331450617,0.6563056802467435
927,4438,3.340482930439179,0.8342176212674707
928,4439,0.04465238497649479,-0.027208254781774455
929,4440,2.9384215677988252,0.5012982161844041
930,4502,1.8140993996615162,0.3535665780486849
931,4503,3.1509231716802955,2.1962117083157806
932,4506,0.658243243168144,0.06826656175633644
933,4510,2.798089383193023,0.4391228992524867
934,4513,1.5909822690702535,0.5858266043110939
935,4523,2.409868824678891,1.171116750628865
936,4526,3.5937940592558597,0.4594526641964103
937,4527,1.9428235990762657,0.2670054963397044
938,4528,1.3518086151581574,0.2719232309817981
939,4529,3.8836763357570847,3.6482321895242764
940,4530,0.7887232472117026,0.21291794942309153
941,4532,2.3415316575944396,0.3563887282922397
942,4533,2.1600781081581406,0.26876094060239636
943,4534,3.8336466677697847,2.049388814180243
944,4535,1.3130619201538158,0.20806667648835145
945,4536,2.9537981977717904,0.9506736556324574
946,4538,2.516872352782714,0.5863840061341216
947,4540,0.7469669924489603,0.1409882150626318
948,4541,2.4615235561481628,1.0902015222005068
949,4542,1.4879199304555515,0.502053917824436
950,4543,3.5289324881062116,2.7949603283884663
951,4545,3.7407955567182327,1.1596964396943366
952,4549,1.6139515919954113,0.2146407502443836
953,4550,1.8014920041326474,0.33985923269083285
954,4551,1.6003413968302782,0.5662304604923779
955,4552,0.17014725097725666,0.009141848794442353
956,4554,0.483106239084913,0.07922407202392932
957,4555,1.0871063386847577,0.14632928659204722
958,4556,-0.06695055341293965,-0.04874730659696638
959,4557,0.8414171681255876,0.1285711556029487
960,4560,-0.126924401647349,-0.011232995275959752
961,4561,-0.26183972721577675,-0.06918650591790623
962,4562,-1.176525719682769,-0.13160094212430565
963,4563,1.5092218259262673,0.395655185342591
964,4564,1.1058418847724447,0.2488051214930212
965,4566,4.257624161385604,1.8951830698389664
966,4568,0.9241046759338303,0.13966250342079475
967,4571,0.35722981008326865,0.04095835851931028
968,4572,0.8132479597066345,0.18509984130311366
969,4576,1.349576568461612,0.3287763324092782
970,4580,2.393427130077688,0.3009695934218216
971,4581,-0.5412499885266314,-0.14389435605666975
972,4609,3.526909202831711,2.45728920397589
973,4702,4.52017763959029,2.9003884431628064
974,4706,0.9620465693417019,0.12970826543655392
975,4707,2.6147471343758597,0.33922993647824995
976,4711,1.1644702937327283,0.20884243569007466
977,4712,1.0873719645475894,0.24467384348978727
978,4714,4.553106383108152,1.0037659377469261
979,4716,1.7093710453229896,0.45727600996345896
980,4720,3.995205254887587,1.6277050695088604
981,4721,4.792676340816585,3.2739050515985166
982,4722,1.6376550469490112,0.28386394671014725
983,4726,2.7741214517552444,0.9674322850638566
984,4728,-0.07360578541736107,-0.09696186682010718
985,4729,1.625776130119107,0.4789622882694408
986,4735,3.4086926573248526,0.996957977997507
987,4736,2.9881159604057586,1.2070397150447356
988,4737,1.7469413142151413,0.39048054973148255
989,4739,3.105459528079232,1.5176518445175893
990,4741,1.0593477262862132,0.22679010896903307
991,4743,4.38229562300346,3.3587741988342845
992,4744,2.374606985013316,0.9031946540375202
993,4745,2.8068291356041093,1.0315596177350097
994,4746,2.4849954980041433,0.8198892035986785
995,4747,1.0731118595557128,0.2528435496434193
996,4754,0.7012123864914879,0.05399439842047059
997,4755,1.501325150271936,0.4957533720047437
998,4760,-1.3073519240120164,-0.31777461299459053
999,4763,3.236525344114458,1.404370263584242
1000,4764,-0.07924371911297784,-0.05916631859721719
1001,4766,2.332093346065549,0.36578469004026604
1002,4767,0.5089162222870309,0.07647684804165593
1003,4804,1.7868511947254853,1.137055958230643
1004,4806,-0.5986868620335648,-0.3369424819216819
1005,4807,0.04906264971317435,-0.023929595152338407
1006,4903,1.759779840793264,1.1253360102026908
1007,4904,1.1937582165931673,0.1658843239025015
1008,4905,2.0697917647133695,0.3530870323215163
1009,4906,3.955801328507463,1.4941819001594256
1010,4907,1.0863064141502572,0.13084351157345453
1011,4908,3.1262096002361064,1.6782038817427758
1012,4909,3.350567814241095,1.4777110094629915
1013,4911,1.913945159263396,0.9868852555062392
1014,4912,1.4444714098058213,0.4698920935878658
1015,4915,4.428532971825393,1.4118710201385758
1016,4916,4.721416994876522,2.8479295060012118
1017,4919,1.2849606989142128,0.4290641054925882
1018,4924,2.790553321771622,1.3564214322328416
1019,4927,3.9918018532323165,1.7142076882522554
1020,4930,-0.14818238086956897,-0.16834120416271495
1021,4931,0.7030856892540552,0.17606933929077
1022,4933,0.6353113754798665,0.09035075340537219
1023,4934,3.5197341208612962,1.7931115557131556
1024,4935,1.385922639582462,0.3077876244054633
1025,4938,3.3490847424344348,0.5120065433687762
1026,4939,2.2534801460641507,0.6115847641894507
1027,4942,1.4347566347586809,0.20774907967315343
1028,4943,2.434858074705652,0.6262153089482646
1029,4945,0.5981993308079596,0.11710403204375026
1030,4946,2.52205937875289,1.474730254654397
1031,4950,2.2860947895567083,0.7457360767947933
1032,4952,2.8587085247990816,1.076820157583923
1033,4953,1.591355379252062,0.375330839126332
1034,4956,2.662573610346557,0.9228955311353002
1035,4958,3.3154099519193734,1.0337051168586173
1036,4960,1.919111059483421,0.529126072011542
1037,4961,3.8520633700131603,2.5284161665137463
1038,4966,3.7415850135960618,3.3711620224596124
1039,4967,2.3208066560312646,0.7619497022447907
1040,4968,3.3312075926333615,2.4543069841375176
1041,4971,3.6810461395939456,1.2416083966093685
1042,4972,1.7934938664602749,0.16447221301977677
1043,4973,2.9266574214724725,0.8035198600739468
1044,4974,4.046386791696148,0.8125839859978825
1045,4976,2.995763403739289,1.4495694453299566
1046,4977,3.117937638493185,1.5723466703071483
1047,4979,3.7277644989592087,2.8002848364322093
1048,4987,3.0566632943527794,0.645397273345456
1049,4989,2.8672260628817865,0.9824864603082224
1050,4991,0.36205327938254533,0.04164760471932809
1051,4994,4.259335981574442,1.9201510865640148
1052,4995,2.1769527526949197,0.6431334467441041
1053,4999,1.0134349296633562,0.13803056505020264
1054,5007,3.1440588276985317,0.49428996286693516
1055,5009,0.489951783599901,0.08177256753767281
1056,5011,2.843419723081379,1.013466061364191
1057,5013,4.220747681993512,0.9207697676195875
1058,5014,4.167509767216222,1.9609254158142948
1059,5015,0.6941928295160554,0.13805427367967651
1060,5016,-0.43028071314213884,-0.07882362862446043
1061,5201,1.3136773936773387,0.3249183080718703
1062,5202,2.1273243981550194,0.5586569678269262
1063,5203,1.7855274399769354,0.4911511039377393
1064,5205,1.7984775610976786,1.2227894197466094
1065,5206,1.6786402821584088,0.41058582019470236
1066,5209,1.7671364249069834,0.3640486696531548
1067,5210,1.005549851039316,0.2687600123114431
1068,5211,4.087521100674671,2.211298759066783
1069,5212,0.9166549491785212,0.22425719034829852
1070,5213,2.5131265051809004,0.46256183826781694
1071,5215,1.9209778858218447,0.764196627964931
1072,5220,0.8487559086249961,0.12937386469541182
1073,5222,inf,0.0
1074,5223,2.525623865801476,0.6186394698230501
1075,5225,3.3557344648578633,2.028377750100172
1076,5227,0.9521863249753487,0.2584269662921348
1077,5230,1.7130468670706815,0.34854336619849363
1078,5234,1.3507373672376004,0.3464566971159692
1079,5236,0.902964470084842,0.20386071478016946
1080,5243,3.556349502119087,1.3513872222443337
1081,5245,2.732437384291367,1.5633166697626697
1082,5251,3.246228208724062,3.582905169701689
1083,5258,2.43931239092477,1.2705928700059486
1084,5263,3.0580552358087374,0.7083669843740662
1085,5269,1.2345633033093226,0.45028182634877084
1086,5272,2.8332599646311127,1.5564512917590638
1087,5274,2.484714068610802,1.6697009314588183
1088,5276,3.8915461553851456,2.5264765544873273
1089,5278,0.9516950528280826,0.316534382621179
1090,5283,1.5142177093477411,0.18677684798003127
1091,5284,2.783955483740628,0.8845850820289073
1092,5285,1.9326619855234257,0.6607219631276766
1093,5287,1.2980224442063972,0.14603456145582044
1094,5288,4.0440811767230604,1.1829334371594538
1095,5289,2.5769893846008993,0.5821233269270164
1096,5291,2.6522867484008152,0.6660270963137092
1097,5299,3.475927885798249,1.3769491656072552
1098,5301,2.6423721684802723,2.1496706021826095
1099,5302,3.482599749711996,1.6219155491325479
1100,5306,4.5012600739782584,1.2342269595183768
1101,5309,3.1369872717833065,1.4703356160617613
1102,5310,1.8938557879794793,0.8026631727132257
1103,5312,1.8576511098587787,0.16164854132708015
1104,5314,-1.0512152650572717,-3.2388373233599372
1105,5315,1.5858613419158727,0.2514462205353661
1106,5321,1.6863601243700097,0.7246872965153807
1107,5324,0.4628542207316413,0.03471459821335742
1108,5328,2.7664784854575157,0.6706694539826376
1109,5340,2.193682457583863,0.5093143032781517
1110,5344,0.47077248909439096,0.05076777509330881
1111,5345,3.0544327824567987,2.216853891996452
1112,5347,3.7776572612213823,1.9751719850789868
1113,5348,3.392286608630818,2.4556830256792224
1114,5351,1.7004133410427713,0.4658286690609456
1115,5353,3.1159364639255425,1.5289613018350625
1116,5355,0.3098866648459524,0.03203779406725346
1117,5356,-0.1537431168630331,-0.03002162790839634
1118,5364,2.746270095116367,1.238829086100714
1119,5371,3.269535580134818,1.0795261850871671
1120,5381,1.0937659980585728,0.2129765862102522
1121,5383,3.1566259629858497,1.3976688537023838
1122,5386,3.0876658475944967,2.1060181292320665
1123,5388,5.113186048529119,2.6579313918482654
1124,5392,3.4513036330304048,0.9618307069359556
1125,5398,2.463038746543534,0.5773433023724331
1126,5403,0.548812902938606,0.054489044367207244
1127,5410,0.7519053038381475,0.14310494201781096
1128,5425,4.917406319215603,4.15359864795645
1129,5426,3.648144046651059,1.8765097722277693
1130,5432,4.614650094757857,5.625085460705105
1131,5434,0.9959158012649466,0.16173995029028673
1132,5438,3.1286699898810033,1.1976043561159992
1133,5439,2.148871538848176,0.4196782593073695
1134,5443,4.504997044038431,2.0408034839666738
1135,5450,1.632331752236001,0.33785197338798156
1136,5452,1.416003988272358,0.2937882227001951
1137,5455,1.061062696923799,0.20307298321507347
1138,5457,1.414166207489884,0.45828335618275107
1139,5460,1.870290648621088,0.20240927767700895
1140,5464,1.3203150890997966,0.3718549750946357
1141,5465,3.21385698456432,1.2227378483816984
1142,5468,2.798486275422556,1.7824465029946015
1143,5469,-0.2800079542512253,-0.09025585711413114
1144,5471,3.5506255876760555,1.2354514533369823
1145,5474,2.8453615984837297,1.3222581695132263
1146,5475,2.9314427301658212,0.6627712854757931
1147,5478,2.2160156611616912,0.46156339930885965
1148,5481,2.329257781516226,0.40734992270367626
1149,5483,4.067203462370228,1.90373005815917
1150,5484,1.309538228612731,0.3139744718647252
1151,5487,1.3958411259972987,0.36939313646741284
1152,5488,3.273376574637776,1.206967556074354
1153,5489,3.3123259313492937,1.0465233099579356
1154,5490,1.8362337734625362,0.3574588633919777
1155,5493,2.7733959973509763,0.7621415680134652
1156,5498,3.345189585401974,1.347615980314993
1157,5508,1.7572287314382966,0.28672103435633245
1158,5511,1.8010231975212712,0.1634437069472878
1159,5512,2.202471964462418,0.1959081524292114
1160,5514,1.814374564406297,0.4950714096784489
1161,5515,0.9799481505735207,0.10532893468379967
1162,5516,1.7118160138152905,0.4944531483578086
1163,5519,1.521558296514563,0.22813346565979045
1164,5520,1.0988088032150056,0.12189549209960703
1165,5521,2.278869996296645,0.2977594350686013
1166,5522,2.7605443731323986,0.5254528030676571
1167,5523,1.1865802619624943,0.19973624940730217
1168,5525,3.1727947045935787,0.6077703268161508
1169,5529,1.589113822131515,0.2435478464890228
1170,5530,2.65640093758346,0.46650683608479865
1171,5531,1.6800114358871994,0.29893783451202777
1172,5533,1.5127860550730758,0.21387378950292074
1173,5534,3.548851339896519,0.37474973248966476
1174,5536,2.3972107855671565,1.4090916489112064
1175,5538,3.2788604428880395,0.9283689056012605
1176,5543,2.073811946683363,0.431914089476669
1177,5546,1.4457389351766343,0.2355744578457356
1178,5601,0.4461336502984659,0.06574833983864124
1179,5603,1.1554019522199428,0.3537375649281715
1180,5604,0.6475139668672141,0.08979812331684314
1181,5607,1.5547316177751331,0.3
1182,5608,1.1113065635028827,0.27527726083196
1183,5609,2.154326996632605,0.62974215139375
1184,5701,5.824139232517816,3.146341252881519
1185,5703,-0.21504388346643125,-0.20914780403517924
1186,5704,4.134714561684587,2.8327567394798585
1187,5706,0.20719197217777424,-0.013324377180968981
1188,5864,2.5784402115484566,0.6500711443517042
1189,5871,3.045358375111069,1.1034447178866653
1190,5876,1.8095887080971245,0.29739028778172183
1191,5878,2.083608362546234,0.197176222507226
1192,5880,2.563217876790459,0.3874647799493755
1193,5902,0.384874233617724,0.049473122929681354
1194,5903,1.141743757753435,0.14590007828842105
1195,5904,1.6844312909442365,0.684521331500186
1196,5905,3.8562371060835963,1.3091065643058182
1197,5906,2.872694670205879,0.9882627597843364
1198,5907,1.4769950719385856,0.26087649111876376
1199,6005,2.0355318628898638,0.3950811832501233
1200,6015,2.3409488587592397,0.5171270718232045
1201,6016,0.429908910053317,0.0558061749910965
1202,6020,0.7971754668489034,0.09579606920083564
1203,6021,0.38792564175302324,0.04695466225424852
1204,6023,3.0466264957707634,0.20513968611696812
1205,6024,2.0356700459713646,0.15637086955520615
1206,6026,2.49317332840911,0.9493382820870283
1207,6101,1.776771667212229,0.7126034569264497
1208,6103,-0.02322208542628469,-0.15890205659496673
1209,6104,2.3896768258297487,0.7535380964896276
1210,6108,-0.43901077269640243,-0.07558138674141673
1211,6109,6.786717618518188,8.77605062329807
1212,6111,2.0097589903389474,0.8707531715872086
1213,6112,1.1730817462462424,0.15917674646067553
1214,6113,4.27585697242564,3.8371233150618416
1215,6114,1.0120979436875106,0.32412928031821364
1216,6115,2.494549699386434,0.17986887814389432
1217,6116,2.6962122882027746,0.7369319211052044
1218,6117,3.103755150417382,1.3557810575552929
1219,6118,1.6505594292702817,0.6549029643072007
1220,6120,3.117128172750693,0.7932275280292646
1221,6121,1.7101685849480095,0.4249576578955265
1222,6122,1.9074752751362853,0.588389272398515
1223,6123,1.1413085224632713,0.16561735414969603
1224,6124,3.5116264365085588,2.018075010134555
1225,6125,3.5938542262409103,1.5330262516625859
1226,6126,4.478344866592243,1.3747571007154535
1227,6127,3.2292878482085614,1.640078269963563
1228,6128,0.5675213107975,0.06910646877553817
1229,6129,0.9028794137263666,0.21684823376082277
1230,6130,2.4696199863626753,1.3709307162172215
1231,6133,0.6755229900440772,0.15624394675914174
1232,6134,1.9540226529500369,0.8603745696134294
1233,6136,3.4167916982509494,0.40786346435267007
1234,6138,1.5602597223844592,0.5211691636122973
1235,6139,2.8406041888544014,0.7670344470680647
1236,6140,2.8057927231220177,1.2510068034475608
1237,6141,1.7163596339146834,0.3811868645390322
1238,6142,2.9631530195434443,1.078349179634728
1239,6143,3.5904788476967235,1.9151520006056262
1240,6144,0.33084781269128655,0.0032154340836012805
1241,6146,1.7694900801428564,0.49684039268603525
1242,6147,3.5233323513641053,0.7702167113989157
1243,6148,1.6012873584191742,0.34592433058418665
1244,6150,2.8765785287029955,2.238440466006893
1245,6151,2.1961181476356866,0.44276324151361623
1246,6152,0.9076654444548538,0.20299966591629712
1247,6153,3.0730111371714752,1.1377971504182418
1248,6154,1.4061242349390228,0.1690497910829613
1249,6155,1.9767818008379452,0.44028654649109683
1250,6156,5.3528539568782065,3.599061124697199
1251,6158,3.677075055569703,1.6778384953315282
1252,6160,4.055059968824584,3.3822267799130388
1253,6161,2.1791018679371823,0.5267947135848877
1254,6163,2.218784327817113,0.5069125208238995
1255,6164,3.024453838983188,1.164016623182985
1256,6165,2.618184849500199,0.9144334866017343
1257,6166,1.5482767092608356,0.30056374606963204
1258,6167,2.4527276663747073,1.0662901712142505
1259,6168,2.2054426028665253,0.6038585232851795
1260,6169,1.9762715277964957,0.7557761650446401
1261,6170,0.8717593702419347,0.17708333333333356
1262,6171,0.015950635726291,-0.006915478349651494
1263,6173,3.0005074924748083,0.8396408453561852
1264,6174,0.8858514977501011,0.21158699836603348
1265,6175,1.3679097475851056,0.3541571096517444
1266,6176,3.5529295793564746,0.610552422166752
1267,6177,4.103645248245543,0.5568340934059859
1268,6179,1.8432066176830966,0.29679051319838495
1269,6180,3.7035332616268795,0.9664434559575926
1270,6182,2.5246014184590724,1.0751814976643153
1271,6183,0.018988367480629487,-0.023558765711913735
1272,6184,2.2490963257900147,0.24162830387494366
1273,6185,1.5814687833936882,0.2737008509627252
1274,6186,1.8485104313858105,0.3369059196461478
1275,6187,3.953444058831049,2.411849298218277
1276,6188,4.332343539578531,1.0617007843766901
1277,6189,2.478639154723807,0.2175901276642051
1278,6190,0.7385850768323621,0.17005368520843858
1279,6191,1.2724520042417564,0.24487004103967167
1280,6192,1.7327911102654212,0.19373219992802915
1281,6194,0.25918796392070337,0.023874308048576296
1282,6195,0.2584527232288015,0.020280229861071176
1283,6196,2.3215704175920404,0.9447017434328027
1284,6197,4.503726845795743,1.6050284590971995
1285,6198,1.6209932268499996,0.5469329407827671
1286,6199,3.3535322112358106,2.4495127181199052
1287,6201,3.333604494408351,0.416874392956359
1288,6202,3.2105584932097533,1.0713887414339351
1289,6203,1.8451928967069564,0.45959187195649376
1290,6204,1.2808334827408145,0.274534984583607
1291,6205,1.1075438488899056,0.3503071270751201
1292,6206,2.7372789198337926,0.7601906206117244
1293,6207,1.957735959180973,0.5075356973423507
1294,6208,2.5935032069331125,0.6276595105641891
1295,6209,2.262133315926397,0.6905638044324024
1296,6210,2.1557367635208737,0.27436571245096986
1297,6212,0.3691749752359588,0.045654759773425584
1298,6213,0.2860148889358586,0.02185806730396365
1299,6214,0.8291735672216616,0.09511299018938388
1300,6215,3.687094979301161,1.0268440209181426
1301,6216,2.470501936255632,0.9048499809876014
1302,6217,2.3860350605008005,1.1621728117540147
1303,6218,3.131959595289795,0.6967407558937913
1304,6219,2.627906931893976,0.6404683044024572
1305,6220,3.5325354023704505,1.5008014098079883
1306,6221,2.632446579683763,0.8675755598820742
1307,6222,3.0661868109931993,1.2752598535102786
1308,6223,3.527989836290004,1.6063215760912732
1309,6224,3.672024950424002,1.3589241989744707
1310,6225,0.48176921271453194,-0.02761831175515084
1311,6226,4.921668002976225,3.012038399487838
1312,6227,2.121753962074374,0.5828224108994263
1313,6228,4.229196773712768,5.837081644217923
1314,6229,1.5329112700723875,0.36760925449871457
1315,6230,3.1910677994133896,1.4334054429593137
1316,6231,4.744590509851963,4.163474217526504
1317,6233,1.7507327524595484,0.5381704333339364
1318,6234,3.6131765133818847,0.9110336791111405
1319,6235,1.333614126230182,0.5059600827658375
1320,6236,1.0977826415401435,0.30579166363722365
1321,6237,1.3272095185476651,0.4300059097367088
1322,6239,0.6673587413039663,0.08582898645437012
1323,6240,1.1206719325688625,0.4102971879394988
1324,6241,2.9692944410793736,2.371414786118554
1325,6242,3.9224652033057885,3.8460583956355467
1326,6243,1.661047843118801,0.46374045801526714
1327,6244,5.016541781939094,2.30406665371447
1328,6245,1.7160194503473185,0.6274395813387724
1329,6246,3.285532890162008,1.4398068540078657
1330,6248,1.1664334909982708,0.2579654367957026
1331,6257,2.4399520524121256,0.500789062996337
1332,6259,1.018490895715873,0.3048020431309282
1333,6261,1.405793976665786,0.26138619406311775
1334,6263,-0.24311263515538734,-0.05855277692903854
1335,6264,2.266410981560191,0.6074617847774968
1336,6265,1.5999487393961072,0.43392857142857144
1337,6266,4.170944144676417,2.491170701952602
1338,6269,2.2967298334011406,0.5451763577693041
1339,6270,3.739909569664463,0.7564325291114347
1340,6271,0.5855511826971429,0.10971403217425603
1341,6274,-0.3223276184332753,-0.12179130654606297
1342,6275,1.807649263209771,0.4723563057815204
1343,6276,2.5557255848672065,1.065341869743127
1344,6277,1.5005501508925554,0.12917977628502256
1345,6278,1.6754983016984764,0.5084882663218573
1346,6279,3.1795785369392795,1.878208115222227
1347,6281,0.9272923101409646,0.07869555620536588
1348,6282,3.08958454135864,1.0178182218244771
1349,6283,2.782278786518349,1.3728047706376971
1350,6284,3.400215722452533,1.446811756264568
1351,6285,5.0926291763727916,1.9454795568008314
1352,6287,-0.7674901078519807,-1.383166365094076
1353,6288,4.095209993948971,1.963732160115489
1354,6290,2.966163822952703,0.9201895865457993
1355,6291,-0.6399224825874114,-0.4224014859334602
1356,6292,1.0220627818506125,0.18049375913730742
1357,6294,4.179457735698034,0.8830059911633188
1358,6404,1.1190141898322759,0.4253548024936329
1359,6405,2.7761224025783395,0.6421110808021462
1360,6409,2.036197451335867,0.8850851365483803
1361,6411,4.250680495224951,2.6914001218152723
1362,6412,4.5313686276136504,1.0383675937979342
1363,6414,4.054126468162918,1.443184782645115
1364,6415,2.134308012556533,2.5110768966408674
1365,6416,1.6620386643252298,0.5018370573683631
1366,6417,0.6652060833407674,0.06366911419901854
1367,6418,3.350187470982391,1.879176070529153
1368,6419,0.7013784876828681,0.14486032688489162
1369,6425,1.359357406260421,0.3086741409683167
1370,6426,3.7712706867185846,1.9529641318389168
1371,6431,2.3903362469314744,1.2309540505006606
1372,6432,2.1543528964977665,0.8616945558204978
1373,6435,2.959699589291272,1.2582525498259012
1374,6438,1.7854980806664722,0.5196978720272009
1375,6441,1.7757794097929973,0.7540121226014108
1376,6442,2.5412025700842045,1.2310711324529016
1377,6443,4.186816514304087,2.3644820423439876
1378,6446,-0.3237746946817844,-0.19205227774776418
1379,6449,2.0841758614962136,0.5153191937274463
1380,6451,3.1033972858298093,1.1878781039042499
1381,6456,2.8242457209261653,0.7608088855195447
1382,6457,2.7052645936479545,0.6535294117647058
1383,6461,3.346308191582828,3.702724443916724
1384,6462,4.1323010831871505,1.3318587162830724
1385,6464,0.06946708192228677,0.001117006278351198
1386,6465,3.515707909356148,3.9445978549014677
1387,6469,-0.1541120302084681,-0.1365833252036775
1388,6470,2.495421864076423,1.1602856143862126
1389,6472,0.8912927540399737,0.2786702888083725
1390,6477,3.2393169420492542,1.8082747099886984
1391,6482,3.9700413799116245,3.604654096261731
1392,6485,1.150930169892456,0.3887499006655395
1393,6486,0.7338147161127758,0.0897477541119774
1394,6488,1.6693832461814757,0.6063110665407444
1395,6491,0.708804972145589,0.14349645145459633
1396,6492,3.0080100111765433,1.8496951361457115
1397,6494,3.394824270690633,1.6802490696513686
1398,6496,2.8053008571105336,0.4295945290384978
1399,6499,1.3892830628189,0.4555276840522731
1400,6504,-0.13199963421377406,-0.00894215695826091
1401,6505,1.600768459769404,0.23421437739390327
1402,6506,1.1052378799965263,0.18805152898684127
1403,6508,3.132553747537126,1.5387364042847533
1404,6509,1.8237208543188352,0.3416536661466458
1405,6510,3.5086664715434996,1.7583141412506926
1406,6512,1.682707298314852,0.7088269713851599
1407,6514,3.133045344712009,2.112323782358157
1408,6515,0.2884394650764944,0.014392021166024734
1409,6516,-0.2695165285063728,-0.07776659207216426
1410,6523,3.6050015562917648,1.5062417684144782
1411,6525,1.5554991657209354,0.2903504771644134
1412,6527,2.9058227598253388,1.070963207405103
1413,6530,2.2297113679993106,0.8442576067315193
1414,6531,-0.07825130644580125,-0.147376238942622
1415,6532,3.4979575916726504,1.6060623692193718
1416,6533,2.7065981811093343,1.6932379628508658
1417,6535,0.9504284509090075,0.22354048038190769
1418,6538,1.7457709409474385,0.4965863731822779
1419,6541,3.6370461523381836,2.4404543592720147
1420,6542,0.14354098479426516,-0.03515061150206847
1421,6547,1.7019334274585345,0.9719440236850554
1422,6548,2.519954770833317,2.1850185702799827
1423,6552,1.0506002708995823,0.18812247451173703
1424,6556,0.4171806664796139,0.05734449690615207
1425,6558,-0.506867049264102,-0.11313638518376337
1426,6560,-0.6004410721886926,-0.30480966851253766
1427,6561,1.1148471416102907,0.15185046244948097
1428,6568,3.2824046571552805,2.9074916985813037
1429,6569,-0.46229989753391476,-0.0859995461469751
1430,6570,3.400335907798249,1.4913068226166544
1431,6573,2.299997069461504,0.91821770574245
1432,6574,0.4380282272032049,0.06553776385359726
1433,6576,2.2885297929151074,0.7971935756367592
1434,6577,1.5958523833079188,0.16013902718409426
1435,6578,1.405471840790204,0.5774012700295953
1436,6579,3.3869311642954267,0.9184995554109782
1437,6581,3.1254092712768653,1.0822042288986842
1438,6582,0.7062366373052029,0.16417895673391059
1439,6588,-1.4575153935030403,-0.40445777772160413
1440,6589,2.420409260769323,1.1311784937017628
1441,6590,0.7874520642785509,0.11933114838067027
1442,6591,3.4170962561866687,1.2377577541184732
1443,6592,1.2103541315332187,0.18464017890863757
1444,6593,1.9990007211120175,0.8928354177842714
1445,6596,2.065001695739949,0.41686292944237635
1446,6598,0.9583458587393076,0.29011561153497895
1447,6603,4.922937158339194,2.3026459894177833
1448,6605,1.5432707894551416,0.34178699303833554
1449,6609,3.039561031476961,1.1161282900664817
1450,6612,1.5739421609355524,0.5639633492476392
1451,6613,1.753064999252702,0.9046853971939406
1452,6615,-0.3463115367118406,-0.06573629118247026
1453,6616,0.4682161866721897,0.07217588818942006
1454,6624,0.9709507484304397,0.13884795938597505
1455,6625,2.0411653497538036,0.6180202700957363
1456,6629,-0.011047163760554875,-0.04638480783654572
1457,6640,1.155712798804664,0.2371124594796774
1458,6641,-0.22416097110257324,-0.036144497689561204
1459,6642,0.3910444643784362,0.05203278350656916
1460,6643,3.0919024564293376,2.0267166061996846
1461,6649,3.073572961565047,1.8976713825462548
1462,6651,0.35775229474564824,0.04229448633892332
1463,6654,0.7526236594152826,0.14840737217179323
1464,6655,-0.46116401895953885,-0.1279510858712901
1465,6661,1.4606817507811265,0.34237340040265324
1466,6662,1.5029901919206488,0.36874005529521753
1467,6664,0.22968097398806964,0.014716860477285394
1468,6666,0.9066194992039486,0.24748946508140818
1469,6667,2.2167164996540882,0.8509217488243476
1470,6668,-0.8112841753375856,-0.24796302402077217
1471,6669,3.3397225360226495,1.6405156059342159
1472,6670,4.643599115740313,1.2125558895771564
1473,6671,-0.06260009156019196,-0.04977769707004029
1474,6672,2.6134426511199176,0.7766181437855664
1475,6674,1.3264413521584486,0.34437304634274996
1476,6679,3.4948336242062403,2.0338681596095567
1477,6680,-1.0279991113906708,-0.31207824475008294
1478,6683,1.1983612908111663,0.40544985948510287
1479,6684,1.534348863770203,0.49030645674707984
1480,6690,3.4973828671113227,1.494346488796517
1481,6697,0.6517681778204313,0.10138415939559167
1482,6698,0.9813432092023919,0.21563562484366655
1483,6703,3.125908762820611,1.4097370293580804
1484,6706,1.8179921726737447,0.5957702324064743
1485,6712,1.5854169870060821,0.48539589465653665
1486,6715,2.3235427075717663,0.8178672608179525
1487,6716,1.0779616680581514,0.2862343678312817
1488,6727,3.364413539010958,0.9530895326796244
1489,6728,0.8185262582084903,0.16396042791563054
1490,6732,2.3862973286500466,0.5068807339449541
1491,6733,1.2863076763127463,0.3285826050666483
1492,6741,0.5768954287643567,0.10624131118901631
1493,6743,2.3319633102102,0.8173620043337881
1494,6747,-0.2084177010799099,-0.09004228421683806
1495,6751,0.6989577884552987,0.11876560236132647
1496,6752,0.8228456312416582,0.14825350770894447
1497,6754,1.7307108767255877,0.3327019370889269
1498,6756,-0.15425921836194187,-0.1580255217951283
1499,6761,inf,0.0
1500,6762,-0.2195237775894222,-0.06467339678093169
1501,6767,3.483159912524485,1.4597486018440708
1502,6768,0.5999367174844042,0.10696971983350366
1503,6776,1.5264453857297877,0.20004337251805082
1504,6781,1.1340447027958545,0.3416853595244311
1505,6788,1.1730895394282137,0.311568123393316
1506,6790,3.0522969967986975,0.3586713199771008
1507,6803,1.4566541536826672,0.1791340771434406
1508,6806,1.3694977730266584,0.28287352918570774
1509,7402,0.5665107070869173,0.08737080485749046
1510,7556,1.2308052789120092,0.3051384965595901
1511,8011,3.7057262352938007,1.1648844391141975
1512,8016,2.198548486641937,0.9057705610559731
1513,8021,1.0892360713598104,0.18973530662080904
1514,8024,0.9739937091156876,0.2243133878605252
1515,8027,3.5937065943127804,1.4352727437736261
1516,8028,4.2184084949521745,2.920173719749071
1517,8032,3.572556917131449,1.7061992949042928
1518,8033,1.9999500132165537,0.8163815114759899
1519,8034,2.720928589421489,1.0378279358188607
1520,8038,3.343789583842762,1.9458365563723852
1521,8039,0.19590290643705524,0.0126898840419625
1522,8040,0.8360132788739034,0.19350073855243735
1523,8042,0.2574331106548536,0.021569688475862846
1524,8043,2.740555752940263,1.0258493814581047
1525,8044,1.6693122859116003,0.5368488218551388
1526,8046,1.9157429661629575,0.5454545454545454
1527,8047,2.2366114375635564,0.5362339367890959
1528,8048,2.245402305866618,0.39913091351503366
1529,8049,2.675234762269418,0.7829161397872011
1530,8050,1.9235110842088117,0.667038636924646
1531,8054,1.8495569543358588,0.482503637566614
1532,8059,0.9078597843775403,0.18210408765948785
1533,8064,1.6008126860453433,0.36467490651546797
1534,8066,1.0175537217815551,0.19668656098527337
1535,8067,2.1231896370685845,1.0063807370911613
1536,8068,3.0060396947969337,2.0179437896698547
1537,8069,1.016415264594235,0.29132039670029236
1538,8070,1.3999692634471173,0.29052404352710226
1539,8071,3.03552987355268,1.3457991306577994
1540,8072,2.559843262313466,0.8463898217801176
1541,8074,1.4641390997871824,0.2593870505920806
1542,8076,1.9042268882756161,0.5487020525759786
1543,8077,2.7402565478887055,1.7131263050801362
1544,8080,-0.4782801430293982,-0.6850005669898178
1545,8081,1.975107787020097,0.6752287817454508
1546,8083,0.24237225266584211,0.014154254458308913
1547,8084,1.5523750105599072,0.5735315139956026
1548,8085,0.7219138133241766,0.13982700105577905
1549,8086,3.5361411777701894,2.1623440735178643
1550,8087,1.248542543320998,0.4608842109744377
1551,8088,1.983728487215509,0.4660904587826249
1552,8089,0.9464238641675543,0.23506162904504804
1553,8091,3.8795962756699263,1.826511686655555
1554,8092,2.725133833832482,1.302596460491758
1555,8093,3.057732033497116,2.761165494749753
1556,8096,3.662406467308752,1.1083276547211127
1557,8097,0.4970020082457274,0.08218190704071994
1558,8099,0.32914410018144813,0.036306471306471334
1559,8101,2.2151131029765634,11.241605598498664
1560,8103,2.431455272926507,0.5506932539900714
1561,8104,3.290828737232286,1.5978742654639615
1562,8105,1.9829483585506245,0.4729785788122774
1563,8107,1.7817228348443754,0.42794016826329967
1564,8109,1.4769764813655493,0.23710106484357923
1565,8110,2.0739696618353847,0.5297355960131543
1566,8111,5.259834175796822,3.300170077211421
1567,8112,2.7011996615720557,0.5975487534064544
1568,8114,1.2646220045805046,0.44547190034005724
1569,8121,1.034336399102243,0.30055301070419843
1570,8131,4.850714342005971,0.7166927424306374
1571,8147,0.940867047248751,0.18169532390586154
1572,8150,2.367935539765884,0.6140355353913711
1573,8155,3.088389351541102,1.711303342897866
1574,8163,2.886761966375767,0.569099319572027
1575,8171,1.2416817933729973,0.32874490206589047
1576,8176,3.359506997729212,1.8112254179177405
1577,8182,2.5523193811327243,0.6706519098310949
1578,8183,0.932173584879551,0.22836576625738958
1579,8201,1.5127398105111542,0.4844899572690753
1580,8210,0.8705981318981313,0.16945870500824342
1581,8213,1.1567605379007333,0.16998459554151396
1582,8215,2.861471043191978,0.9208288530543891
1583,8222,1.8383416487075968,0.9818582057812995
1584,8234,3.826753392064663,1.6471532312287656
1585,8240,3.859601437575277,0.9767718153327849
1586,8249,2.2771541601222887,0.48442468723672305
1587,8255,2.0217813468875643,0.7844772505354375
1588,8261,0.31055770329977644,0.018746295746745717
1589,8271,3.484890395380801,0.8165949073474331
1590,8277,2.809563796958002,1.1665243758084063
1591,8279,2.6637144377369877,0.938331198771509
1592,8284,1.3548547379753155,0.24155757716737966
1593,8289,0.5761480537191497,0.10328124758504487
1594,8291,1.4308913187824428,0.4859812039337433
1595,8299,2.5507289481338025,0.8282010972248429
1596,8341,2.636115816815083,0.6216016999220494
1597,8342,2.2843890675307374,0.3210073085813559
1598,8349,0.3519457597079437,0.041738996099342104
1599,8354,-1.5887842273916142,-0.17550108555365285
1600,8358,3.892472162186537,2.025995761532885
1601,8367,1.1818304935421702,0.23691747818175712
1602,8374,1.8155290129233568,0.36328277369203194
1603,8383,1.9247818585414127,0.24370024374888274
1604,8390,0.29047645194684746,0.024954026536747165
1605,8401,2.07991141195315,0.782576309870216
1606,8403,3.3222369965102083,1.1987733331197032
1607,8404,3.782635243981605,0.9545932564075812
1608,8409,3.7181315547723823,2.8693629035455097
1609,8410,0.7078822795354878,0.11653142122485165
1610,8411,-0.18287810898135656,-0.039897577371505545
1611,8415,5.103851609741356,1.254655216135343
1612,8416,0.9310128886457154,0.09072693642622937
1613,8420,0.6552745294393765,0.14101143020681633
1614,8421,2.692374268063678,1.6449742467785935
1615,8422,4.256455925348357,0.8032964235103626
1616,8423,2.4952420647649505,0.546911092617818
1617,8424,1.073077549743992,0.1393608472546198
1618,8426,3.1436427564015577,2.0319320622475385
1619,8429,3.047990283879287,0.9293202294628159
1620,8431,2.7183928430300615,0.8314608823968763
1621,8432,1.2350850991738753,0.26974717570722745
1622,8433,3.9104467429461853,2.118874654035804
1623,8435,0.8781061863158134,0.08154451755986543
1624,8436,3.239362924980738,1.2738829296129852
1625,8437,1.0339818040607687,0.1517406424144623
1626,8440,0.06301520632167341,-0.11153045849150033
1627,8442,0.736100933022693,0.1615595184672887
1628,8443,1.4974603417736414,0.16893212310292796
1629,8444,-1.2210085639747834,-0.33529933677681667
1630,8446,2.2350005173031957,0.3047133198776254
1631,8450,1.3454945392107431,0.6114554553540748
1632,8454,5.379437032162446,6.9998777890144925
1633,8455,2.6758517066890932,1.2201362487204073
1634,8462,1.2484029445627074,0.27015258553155436
1635,8463,1.469443405584746,0.40386881634755667
1636,8464,4.037162976575863,1.6671985668792961
1637,8466,0.7122912638174,0.10918564533948313
1638,8467,2.4578321144162296,1.2941165568899067
1639,8472,2.757797133143523,1.4771823946131257
1640,8473,1.3070409499240523,0.10829720035518121
1641,8476,2.0198647035426367,0.47310031258834756
1642,8477,-1.126604144737234,-0.14891071875461037
1643,8478,0.2911562386741777,-0.005770572528605129
1644,8481,1.247892060981939,0.16142262244121228
1645,8482,1.8754769281573624,0.2531929443435564
1646,8488,2.935871702469769,0.6923513872723845
1647,8489,0.5129419905396473,0.07791780972087267
1648,8499,1.9458601623105685,0.3886216246801635
1649,8905,0.832136670904506,0.160195043737923
1650,8906,0.6874106840231542,0.1517882564542512
1651,8908,0.6719652497292216,0.10512627761782553
1652,8916,3.248327254375315,0.993454024321434
1653,8917,0.455243997540971,0.049899603445987706
1654,8921,3.3137204665531823,0.6868836856854137
1655,8923,0.6837193445458303,0.1583277810619957
1656,8924,0.8518794667621684,0.1501075268817206
1657,8926,2.3101629773678076,0.2953668802042486
1658,8927,0.5899854512263163,0.0944243409267125
1659,8928,2.3336711661507823,0.6975578137308142
1660,8929,1.6341248187577457,0.27348334944061947
1661,8930,3.096561797563594,0.9805704699305616
1662,8931,2.06130636262934,0.3264946548631498
1663,8932,0.040307496266074015,-0.03798185646131145
1664,8933,1.9676480847979831,0.7382707579503449
1665,8935,1.1513262513690858,0.2566542900838618
1666,8936,2.828268658302865,0.7964971761230655
1667,8937,0.507507305824621,0.08312414863505921
1668,8938,1.6109747179025318,0.3741510303381459
1669,8940,3.4630356603752515,1.3241245692144887
1670,8941,2.9455652244015313,0.9969859663146013
1671,8942,2.438226195504413,0.2883630393929144
1672,8996,0.9860944629367929,0.308573956959189
1673,9103,2.4783690829493734,1.601753714714573
1674,9105,1.4546959124978684,0.34853809129301766
1675,9110,-0.4970018477837367,-0.15449353454960785
1676,9136,4.229925858652258,0.9735697209704702
1677,9802,2.3589785217787855,0.9031597208804442
1678,9902,3.6458210992124953,0.5809339968583828
1679,9904,3.3591057170861967,0.6587848383063707
1680,9905,4.496728749527546,0.4613950500728242
1681,9906,3.203180801138374,1.1319754942460074
1682,9907,4.173884278116824,1.2716654182930056
1683,9908,0.9864522090764399,0.08207302619720011
1684,9910,2.934450667673391,0.9278673699752418
1685,9911,3.3454363136496688,0.4958000234624893
1686,9912,1.8864763420173127,0.5827151961467549
1687,9914,4.054276688283539,1.777853643611001
1688,9917,1.6647889809125498,0.20239054563369635
1689,9918,0.5535294678586785,0.06387497883811805
1690,9919,2.602902597079011,1.1736822768713477
1691,9921,0.0953683341794225,-0.024311307192500492
1692,9924,4.133068656084641,0.39820271080894115
1693,9925,2.0174967267415984,0.09224961532979109
1694,9926,-0.07680968871273011,-0.02561624884497263
1695,9927,2.6777944838222494,0.5524651084835983
1696,9928,1.3737646000432142,0.5579580719635842
1697,9929,0.9269667223554482,0.18950034122976248
1698,9930,4.067435300030701,0.4211150670671239
1699,9931,1.3040988525373183,0.16100859415785634
1700,9933,3.7882564873776654,0.924929576723595
1701,9934,0.2910110443237306,0.02361253962477889
1702,9935,0.7623525876338646,0.1029755691543643
1703,9937,-0.27422946884311267,-0.029243844239661598
1704,9938,3.5425201590467643,0.825825668456094
1705,9939,0.5143160612929242,0.05946528468676775
1706,9940,2.859590344347296,0.48530942271562794
1707,9941,2.943057241153633,0.7608034148781186
1708,9942,3.1416910066419916,0.8501295632478381
1709,9943,2.38712186476927,0.498025829633381
1710,9944,0.7868418702037082,0.07292351703094468
1711,9945,2.4248587252787717,1.2093318956265011
1712,9946,3.8957663913573466,0.8454274539802753
1713,9949,0.8523918515955113,0.1433703840220578
1714,9950,0.9934684820806693,0.31431639077893353
1715,9951,1.2255538399178638,0.1966446936584795
1716,9955,4.026253158071037,3.0363328175259396
1717,9958,1.526933476612399,0.44459222668627374
1718,9960,0.7478196502604278,0.10718646524929383
1719,9962,0.6719602134427944,0.13131806608361885
1720,910322,2.061043195925053,0.5155326010830359
1721,910861,1.0481286446757596,0.23604701407078055
1722,911608,-1.0372489871192594,-0.15905172821859664
1723,911622,1.1535452408285136,0.20311733863536616
1724,911868,0.8178368264541659,0.10242698642398679
1725,912000,0.4151780205809248,0.056264496167803914
