,stock_number,sharpe_ratio,total_return,test_mse_loss,股票名稱,2024產業名稱
0,1213,4.668843224109062,4.66253724889817,0.0002146738979718,大飲,食品工業
1,2424,2.9183074703993808,2.448996453019929,0.000800246014478,隴華,電子–通信網路
4,2443,2.9416326236932284,1.8285590885018912,0.0004115570836802,昶虹,其他
5,8454,2.624569425110156,1.6966286155677537,0.0018079812853102,富邦媒,數位雲端
7,4609,2.7453782692658057,1.6144394533052924,0.0001700864904705,唐鋒,居家生活
8,5345,2.4825171347556334,1.5647583447550892,0.000400404102038,天揚,其他
9,2399,2.973036590622676,1.4991399695648218,0.0006555508334713,映泰,電子–電腦及週邊設備
11,3665,3.161696666265758,1.4316108017449647,0.0040347854956053,貿聯-KY,電子–其他電子
12,6482,2.388752425531376,1.4015494404863624,0.0008863618531904,弘煜科,文化創意
13,6411,2.794649932328616,1.3931082550159228,0.0024761089516687,晶焱,電子–半導體
14,2460,2.81154035894432,1.3072791483183073,0.0037421611996251,建通,電子–電子零組件
15,2440,2.7589406412958937,1.2919021649923874,0.0042432800401002,太空梭,電子–電子零組件
19,2345,2.6102597083285968,1.2537881621002955,0.0019562745437724,智邦,電子–通信網路
22,2454,2.7685409779631187,1.1657411246531375,0.003330643827212,聯發科,電子–半導體
23,6465,1.870392581579705,1.139449305431793,0.0003034144956473,威潤,電子–通信網路
24,5432,2.0464462699485764,1.1378965760561597,0.0016102718000183,新門,電子–光電
25,2243,1.99258519511657,1.1240509375988927,0.0003378663350304,宏旭-KY,汽車工業
26,5701,2.961912573318452,1.0904879426479803,0.0003966143394791,劍湖山,觀光餐旅
27,5443,2.8989272645135555,1.0799707307504018,0.0010030980229203,均豪,電子–光電
28,1786,2.646864179678593,1.0691884440311945,0.0008215378293243,科妍,生技醫療
30,3047,2.3520966863026005,1.0297305955299194,0.0035211534850532,訊舟,電子–通信網路
31,5465,2.7925856413845134,1.026969678739902,0.0005681393977283,富驊,電子–電腦及週邊設備
32,2235,2.823032497112173,1.003622033199938,0.0001717024624667,謚源,電機機械
33,3059,2.450257185780965,0.9992791663022116,0.002521936155972,華晶科,電子–光電
35,3684,2.554377217355785,0.9615020237978552,0.0045721822971245,榮昌,電子–通信網路
36,1319,2.552617438645573,0.9560534775257143,0.0012686537984336,東陽,汽車工業
37,2923,2.5891566168019056,0.9484682333810676,0.0024033930531004,鼎固-KY,建材營建
39,3594,2.108618863027262,0.9298227230130778,0.0039136532432166,磐儀,電子–電腦及週邊設備
40,8111,2.234771783729289,0.9224222655296028,0.0033576396563148,立碁,電子–光電
42,3149,2.059699355155382,0.9172420020721752,0.000535082670467,正達,電子–光電
44,4183,2.586533555910417,0.8933964742693246,0.0004385821839605,福永生技,生技醫療
47,3306,2.009312330046185,0.8730819372584924,0.0018961179885081,鼎天,電子–通信網路
48,2207,3.672884657797388,0.8705750675398016,0.0007539841244579,和泰車,汽車工業
49,5425,1.930554441299072,0.8677146346583129,0.0033986805501626,台半,電子–半導體
50,6221,2.612196376788742,0.8547680404727379,0.0035885643155779,晉泰,電子–資訊服務
52,4430,3.420506600892205,0.8205163140502043,0.0004977843609594,耀億,其他
53,6246,2.302903226342349,0.8134631513096292,0.0002064961827272,臺龍,電子–光電
54,4721,1.9632368177906572,0.809197677082016,0.0016225394210778,美琪瑪,化學工業
55,3018,2.3991050071474844,0.8077816295314553,0.0001289585520031,隆銘綠能,電子–其他電子
56,6197,2.7923332021321863,0.8042017170554814,0.0033555130212334,佳必琪,電子–電子零組件
58,4111,2.8531530525528748,0.7974739646713269,0.0031179741399682,濟生,生技醫療
60,3025,1.7777902488633657,0.7807896579164395,0.0037005788235546,星通,電子–通信網路
61,2374,2.1934452642107427,0.7784479875031309,0.001555164293677,佳能,電子–光電
62,2409,2.2204953082404644,0.7720453648686137,0.0044957409045309,友達,電子–光電
63,2428,2.3197810648635158,0.7654138609960023,0.0029738716984866,興勤,電子–電子零組件
64,9906,2.359437439067999,0.7498986247930963,0.0015643595070287,欣巴巴,建材營建
65,1455,2.62793543086742,0.740019929356535,0.0046678893213538,集盛,紡織纖維
66,5906,2.313322445369763,0.7355078852562713,0.0003219784930479,台南-KY,貿易百貨
67,3520,1.507996054120412,0.7276882877986495,0.0005320607678243,華盈,電子–電子零組件
68,4968,1.5852863874580776,0.7212766086265304,0.0009095756540773,立積,電子–半導體
69,3555,1.5193396363530651,0.7195054151270187,0.0003077587780353,博士旺,電子–半導體
71,1590,1.958373273359227,0.7150437142584383,0.0042734611706691,亞德客-KY,電機機械
72,3570,3.243574093796509,0.7148310262082709,0.0008195021819119,大塚,電子–資訊服務
73,8086,1.7248458466382757,0.71418566150306,0.0009986188051698,宏捷科,電子–半導體
74,6431,1.6802971020741817,0.7049412486304044,0.0014311385093606,光麗-KY,生技醫療
76,5348,1.5526251861485627,0.6984749524113926,0.0025668342714197,正能量智能,電子–通信網路
77,5489,2.373947227763771,0.6830535641959716,0.0010498961892153,彩富,電子–其他電子
78,6222,1.9070815211154868,0.6636714781805781,0.0030111330006548,上揚,電子–光電
80,2331,2.0239739064301348,0.6598088667134706,0.0012114048840885,精英,電子–電腦及週邊設備
84,2375,1.7698871464275316,0.6500382078223665,0.0012219096897752,凱美,電子–電子零組件
86,5383,1.809730713349964,0.6440468327521467,0.0017194059619214,金利,電子–其他電子
87,6226,1.816815315792725,0.6410817531063958,0.0021243743103696,光鼎,電子–光電
88,4432,1.3503238486095404,0.639604879769175,0.0014962384514092,銘旺實,紡織纖維
89,4743,1.5276802163973728,0.6347534518266351,0.0016087399235402,合一,生技醫療
92,6124,1.6416226710949933,0.6287704568224308,0.000865047053594,業強,電子–電子零組件
93,3360,2.467183247644429,0.62791330230961,0.0005422999211077,尚立,電子–電子通路
95,6462,2.200647805363338,0.6238748167736994,0.0003101518886978,神盾,電子–半導體
96,3067,2.184252516630988,0.6175948224400295,0.0017613318632356,全域,電子–其他電子
97,8415,2.770691086797024,0.6043967650411679,0.0026087063924933,大國鋼,鋼鐵工業
98,5347,1.646584564626178,0.5985183673845847,0.0030548144895874,世界,電子–半導體
99,6603,1.981637377885062,0.5832722289183789,0.0024877166215446,富強鑫,電機機械
100,4905,2.980315385192984,0.5780160383366345,0.00020592853798,台聯電,電子–通信網路
102,1519,1.7135074316219006,0.5683269948725189,0.0022288300242507,華城,電機機械
105,4109,2.314137238695783,0.5539167934406706,0.0002996043685925,加捷生醫,生技醫療
106,4909,1.642804466044404,0.5459312290812204,0.001524504590634,新復興,電子–通信網路
108,2702,1.4053355375935013,0.5437907319471824,0.0030630235632997,華園,觀光餐旅
109,6523,1.733510824161775,0.5384045306467456,0.0004958531499141,達爾膚,生技醫療
111,3629,1.197998143424353,0.5367114649377097,0.0015485851563425,地心引力,文化創意
113,4966,1.2854945890153084,0.5346771683338909,0.0038737877584935,譜瑞-KY,電子–半導體
114,4174,1.6507794980093673,0.5281129710238281,0.0001240206240709,浩鼎,生技醫療
116,1522,1.5569661475814094,0.524735902822028,0.0020744309113069,堤維西,汽車工業
117,6270,2.7331048052627507,0.5204904262035365,0.0016772973358456,倍微,電子–電子通路
118,3515,1.3625848331643524,0.519157729652546,0.0017759415641194,華擎,電子–電腦及週邊設備
120,8921,2.504538511684068,0.5183796726918132,0.00137717069083,沈氏,其他
121,5276,1.4072281115769387,0.5181664315453883,0.0005757016951974,達輝-KY,其他
123,3272,1.2422508773857728,0.5151257528123162,0.0011287942243143,東碩,電子–電腦及週邊設備
124,6227,1.9490506495544269,0.5129172145716674,0.0019789510042755,茂綸,電子–電子通路
125,6116,2.048243410432087,0.5095651063546819,0.0017847848175733,彩晶,電子–光電
127,2712,1.7562828560872854,0.5052003577248538,0.0006458263142121,遠雄來,觀光餐旅
130,5386,1.2964074185587424,0.5024574476114018,0.0004739761197924,青雲,電子–電腦及週邊設備
131,1110,2.4343235931877287,0.500795632709569,0.003195403223799,東泥,水泥工業
132,8358,1.481188771884404,0.4955693840868651,0.0015705320402048,金居,電子–電子零組件
133,4994,1.593028876764183,0.4939077905353869,0.0010781317250803,傳奇,電子–資訊服務
134,1413,2.0059422518469403,0.4917088059266655,0.0005475004318213,宏洲,紡織纖維
136,4160,1.8348627761332323,0.4815713688013565,0.0027305268959025,訊聯基因,生技醫療
138,3380,1.6384504012784338,0.4797288183049758,0.0018607690435601,明泰,電子–通信網路
140,4943,1.8575354891723623,0.4781725888324871,7.602146411045396e-06,康控-KY,電子–電子零組件
141,5007,2.8897604463894857,0.4778085672408917,0.0011903059566975,三星,鋼鐵工業
142,3664,1.19396478522417,0.4759837064243706,0.0009229908391716,安瑞-KY,電子–通信網路
144,2328,1.7863025063655065,0.4723736064832926,0.0013340448022063,廣宇,電子–電子零組件
146,6412,2.422735094663041,0.4714170801519697,0.0019700919801834,群電,電子–電子零組件
150,2395,1.802375265179233,0.4646594442624996,0.0025444698621868,研華,電子–電腦及週邊設備
153,3564,1.3051271865888765,0.4635025935690424,0.0009338843083241,其陽,電子–通信網路
154,6196,1.4189195556939642,0.4617916476476736,0.0031835180270718,帆宣,電子–其他電子
155,6670,2.167875316818116,0.4610585110876766,0.0045901249686721,復盛應用,運動休閒
156,1474,2.106528056740401,0.4608571796330954,0.001452754233469,弘裕,紡織纖維
157,4566,1.556516016486429,0.4596743348853263,0.0028100338386138,時碩工業,電機機械
158,2406,1.6229016537663477,0.4595029433994742,0.0009930249034368,國碩,電子–光電
159,3062,1.3422057261423308,0.4594399748887824,0.0033723785236361,建漢,電子–通信網路
160,6130,1.2115826522608153,0.4581921280962061,0.0020984424518246,上亞科技,生技醫療
161,3002,1.927013152281173,0.4557888555368794,0.0026399289927212,歐格,電子–電腦及週邊設備
163,3354,1.3978698707497492,0.4536053854998363,0.0005710637396987,律勝,電子–電子零組件
165,1225,1.6639162893838453,0.4534014615002175,0.0004426305258675,福懋油,食品工業
167,6625,1.5881548537877792,0.4493160574418789,0.0025035763283085,必應,其他
168,3042,1.8834147078151984,0.4490273495644865,0.0047870392590994,晶技,電子–電子零組件
169,4903,1.0290525555400676,0.4466390852246124,9.068627332453616e-05,聯光通,電子–通信網路
170,8182,1.832535179089559,0.4446461692099828,0.0033018105605151,加高,電子–電子零組件
173,1609,1.5130963372415809,0.4374221962094464,0.0018719116633292,大亞,電器電纜
174,2388,1.133604485518004,0.434920488446221,0.0029328190285013,威盛,電子–半導體
175,1305,1.6411285201054793,0.4339919036820234,0.001198910678795,華夏,塑膠工業
177,9914,1.5057809569459857,0.4335623967316334,0.0013252894423203,美利達,運動休閒
178,6160,1.150735978377225,0.4315576482045918,0.0009573326351528,欣技,電子–電腦及週邊設備
179,8455,1.317400061878342,0.4298391813435441,0.0005913473596592,大拓-KY,電子–其他電子
180,8433,1.2786827093279682,0.4276957574975694,0.0005281803694288,弘帆,居家生活
181,5483,1.386490755420304,0.4254786837148034,0.0016370138982892,中美晶,電子–半導體
182,4414,2.3563003238997062,0.4252990153627567,0.0005058944894699,如興,紡織纖維
183,3548,1.33900918726209,0.4250064569711776,0.0015788209784659,兆利,電子–電子零組件
184,8404,1.8931970642334484,0.4230651652632556,0.0002323990288459,百和興業-KY,其他
187,3593,1.737227693780427,0.4198711160802651,0.0021522958631976,力銘,電子–電子零組件
188,5543,1.901908251232584,0.4197268044978869,0.0004311566517571,桓鼎-KY,建材營建
189,8043,1.495460929062591,0.4195393802633563,0.0001061253694842,蜜望實,電子–電子零組件
190,6158,1.372189802579256,0.418802587861361,0.0015165129061642,禾昌,電子–電子零組件
196,1309,1.5889242389080291,0.4090380944459824,0.0009122655465034,台達化,塑膠工業
198,1802,1.5580248433771695,0.4048163975417717,0.0015329573507187,台玻,玻璃陶瓷
199,2466,2.0386450966843697,0.4047803453061519,0.0029611705540446,冠西電,電子–光電
200,5211,1.2241306965172194,0.4042553765563437,0.002225711592473,蒙恬,電子–資訊服務
201,6662,1.660190207116922,0.4025839602162833,0.0034372546069789,樂斯科,生技醫療
203,4419,1.3635199663742057,0.3997576340563878,0.0008136278345318,元勝,紡織纖維
205,6208,1.8324169886880368,0.3985267106047445,0.0020781839630217,日揚,電子–電子零組件
206,8077,1.122499122626654,0.3978459642872465,0.0001609740450021,洛碁,觀光餐旅
208,8423,1.8319864955490044,0.3961496826363566,0.0001649181581342,保綠-KY,綠能環保
209,5525,2.2120407102526283,0.3953678102504676,0.0007062746735755,順天,建材營建
210,8131,2.9499889003630018,0.3942341455768624,0.0007299516219063,福懋科,電子–半導體
212,6163,1.8930774070226235,0.390617801950089,0.0018872594519052,華電網,電子–通信網路
213,3419,1.207631341455169,0.3881639141518533,0.001961429050425,譁裕,電子–通信網路
214,3094,1.2628191482079836,0.3878219294028031,0.0018161610423703,聯傑,電子–半導體
215,4107,2.029155250631157,0.3876962037540079,0.0006769761093892,邦特,生技醫療
217,3535,1.0758137918997124,0.3851040103581081,0.0025746701503521,晶彩科,電子–光電
218,6548,0.9281261594366622,0.3842692977026007,0.0002687203500499,長科*,電子–半導體
220,4739,1.2098577667352792,0.3835413972089352,0.0022144051108625,康普,化學工業
223,3163,1.1048456714406676,0.3799015597998442,0.003859074156935,波若威,電子–通信網路
225,2426,1.31318025975056,0.3761746834157742,0.0022894204048498,鼎元,電子–光電
226,2330,1.580307189812828,0.3750459021408261,0.0024792556505417,台積電,電子–半導體
228,5310,1.123475841420211,0.3744777570886633,0.0003964029310736,天剛,電子–資訊服務
232,3437,1.3404413216584414,0.3672567414637976,0.0005311721724865,榮創,電子–光電
233,8049,1.533369285116332,0.3670601254547332,0.0030370567874342,晶采,電子–光電
234,6127,1.185320035587817,0.3659867399598778,0.0006845954058007,九豪,電子–電子零組件
235,1735,1.7935652631544148,0.3646176810448711,0.0021405371771834,日勝化,化學工業
236,8176,1.0984314211566295,0.3633813112910042,0.0011558663309187,智捷,電子–通信網路
237,1203,1.9556596850496497,0.3620845581522937,0.000634918187643,味王,食品工業
238,4173,1.2343451018695195,0.3544312657864589,0.0031755921081639,久裕,生技醫療
239,4916,1.1694068090302905,0.3527904625557275,0.0008544805386918,事欣科,電子–電腦及週邊設備
240,3285,1.3267563689639923,0.3522241659765413,0.000880394161868,微端,電子–其他電子
241,4924,1.07106819475507,0.3520576030885726,0.0015270407129719,欣厚-KY,電子–電腦及週邊設備
242,6512,1.045219154610212,0.3502882340260154,0.000943784239098,啟發電,電子–其他電子
243,3481,1.3919073869299057,0.35003247925235,0.0008295436382468,群創,電子–光電
244,3666,1.0831498488263849,0.3481245658767116,0.000528240650965,光耀,電子–光電
245,3489,1.6558199349522622,0.3480172956478731,0.0016972561315924,森寶,建材營建
246,6151,1.6447408974520572,0.3469556982582616,0.0021591270851786,晉倫,電子–其他電子
247,3704,1.1784324996365476,0.3463033035452977,0.0033413477067369,合勤控,電子–通信網路
248,8464,1.2956096765239613,0.3455327042880068,0.0019654923162306,億豐,居家生活
249,4420,1.6644202276564095,0.345026593032286,0.0003085479174842,光明,紡織纖維
250,3605,1.3840865619148943,0.3446316937537483,0.0036859074170934,宏致,電子–電子零組件
251,1717,1.7013870882397084,0.3419542974380726,0.0014451023125729,長興,化學工業
253,3686,0.9876534740982472,0.3394374413166164,0.001546660590975,達能,電子–半導體
255,5398,1.5372482248474786,0.3389440811923563,0.0001884204557427,慕康生醫,其他
257,5905,1.3298817936553071,0.3371441406645735,0.0012809281342924,南仁湖,觀光餐旅
258,6282,1.330344409590397,0.3370821080665211,0.0041374990105396,康舒,電子–電子零組件
259,6727,1.4154667653072828,0.3357590525962377,0.00422247210372,亞泰金屬,電子–電子零組件
260,8422,2.0832902513866816,0.3341334332575013,0.0012162228267698,可寧衛,綠能環保
261,6202,1.2573820393171926,0.3334670535171276,0.0030954354369896,盛群,電子–半導體
262,5309,1.1284177199798902,0.3332222944623561,0.0012377962266327,系統電,電子–電子零組件
263,6169,1.1089231367861734,0.3326371872967044,0.0002993745802086,昱泉,文化創意
264,1733,1.4941788027076162,0.3326210906963743,0.0004464184803509,五鼎,生技醫療
267,2067,1.2703927000304769,0.3310465003890794,0.0004677893412008,嘉鋼,電機機械
268,3071,1.343721314670575,0.3309772598485199,0.0011442026443546,協禧,電子–電腦及週邊設備
269,6141,1.5154014646305984,0.3302557763358743,0.0004705107830886,柏承,電子–電子零組件
271,4741,1.4039782867487989,0.3295102395785517,0.000146079685237,泓瀚,化學工業
275,5498,1.2081402078339758,0.3286887770073985,0.0013159934314899,凱崴,電子–電子零組件
277,3498,1.0854429276841502,0.3273820363400332,0.0004653521464206,陽程,電子–其他電子
278,4967,1.0331891734171597,0.3271610018680442,0.0011027984965039,十銓,電子–半導體
279,2102,1.3356847803298115,0.3268552820960717,0.0046044172777328,泰豐,橡膠工業
280,4702,1.0386731153982998,0.3266932699780318,0.003344811455463,中美實,居家生活
281,1477,1.2046067642067948,0.3266891046408281,0.0022558646269317,聚陽,紡織纖維
286,3413,1.3018846118521517,0.3232251249211418,0.0015425922902068,京鼎,電子–半導體
287,2937,1.6512263240279668,0.3231286581967984,0.0008016470801521,集雅社,居家生活
288,4305,1.5854557071789728,0.3226830239048899,0.0010964568027702,世坤,塑膠工業
289,1711,1.2516214528502083,0.3222512428567543,0.0020304702229623,永光,化學工業
290,6234,1.475369140078323,0.3221747223552941,0.0009734573536661,高僑,電子–光電
292,6142,1.135088325021479,0.3207006554303808,0.0020341970230219,友勁,電子–通信網路
293,6492,0.9834612358455266,0.3199282373801165,0.000964523874245,生華科,生技醫療
295,5243,1.201035837378985,0.3187870777975031,0.0039322498341789,乙盛-KY,電子–光電
296,1603,1.2158371758781137,0.3185770764452635,0.0008707190172572,華電,電器電纜
297,6177,2.434897687580612,0.316929609886231,0.0005846536896569,達麗,建材營建
298,1813,1.571142167355525,0.3166920401637702,0.0012577720717672,寶利徠,生技醫療
299,3596,1.0955695168941273,0.3164412326189514,0.003247991335229,智易,電子–通信網路
301,3373,0.9242516498878752,0.315509738172069,0.0002424230856377,熱映,電子–其他電子
302,2439,1.5547402802786592,0.3147558169669019,0.0001649677296882,美律,電子–通信網路
304,6294,1.7194016536815413,0.3130322384407148,0.0017255329821637,智基,文化創意
305,2397,2.011751332912848,0.3122416266026951,0.0002564402766438,友通,電子–電腦及週邊設備
307,8240,1.495477625211667,0.3095182962413753,0.001004002369882,華宏,電子–光電
311,9136,1.546279043617406,0.3060624668657249,0.0001164374202744,巨騰-DR,存託憑證
314,3521,0.9641124230528624,0.3035934860180183,0.0019936962310111,鴻翊,電子–電腦及週邊設備
315,2630,1.4282651864686622,0.3031613906195929,0.0009360276089864,亞航,航運業
318,1446,1.6043139986913182,0.300931591268247,0.0017760619302862,宏和,紡織纖維
322,5306,1.4842749439133536,0.2962548649670847,0.0009205175192619,桂盟,運動休閒
323,3632,1.1543454590601303,0.2933156190714979,9.677094055859924e-05,研勤,電子–通信網路
324,1533,0.9965390579379944,0.2931156986826633,0.0043544593791011,車王電,汽車工業
325,4127,0.9521657010484444,0.2925886144519481,0.002851115699741,天良,生技醫療
326,1472,0.8888858006973798,0.2918300855403128,0.0014371632350957,三洋實業,建材營建
327,6244,1.1234114249764884,0.291715865762624,0.0008953429860412,茂迪,電子–光電
330,2706,2.2739117526973507,0.2910786960526474,0.000565497939533,第一店,觀光餐旅
333,5288,1.3392019681144025,0.2881604696416892,0.0033893677100422,豐祥-KY,電機機械
335,1805,1.3039037784744794,0.2853175914784151,0.0005274293689581,寶徠,建材營建
336,1326,2.1502199033048344,0.2844197729745855,0.0007777171467751,台化,塑膠工業
337,8488,1.4510604886939675,0.2841826549895893,8.447268237432581e-05,吉源-KY,其他
338,1259,2.458441402324705,0.2831725397982791,0.0002234686562587,安心,觀光餐旅
339,4105,1.4314436708865286,0.2828958373125016,0.0004911044743494,東洋,生技醫療
340,2105,1.8726586786809007,0.2825875946120121,0.0003477130267128,正新,橡膠工業
341,5213,1.682144373460721,0.2810531411784129,0.0009212679506163,亞昕,建材營建
342,3057,1.729026419527728,0.2774504562186101,0.0003513222472975,喬鼎,電子–電腦及週邊設備
343,2542,1.4155476369739135,0.2759431564953059,0.0028906178849865,興富發,建材營建
345,1626,1.1178349758240185,0.2752937794727144,0.0008482373596052,艾美特-KY,電器電纜
348,6266,0.974966493861332,0.2716623340113014,0.004497250643908,泰詠,電子–電子零組件
349,8432,1.236157806115158,0.2709571989546087,0.0035223446902818,東生華,生技醫療
351,5381,1.3025242550029046,0.269980237836568,0.0003023369781658,合正,電子–電子零組件
352,2360,1.0367603974719144,0.2699148559643236,0.0024637023598188,致茂,電子–其他電子
353,2732,0.9667967272112282,0.2691769905012237,0.0013479329973051,六角,觀光餐旅
354,8403,1.101436461763339,0.269067282125783,0.0017666253806964,盛弘,生技醫療
356,3016,0.9457382945215468,0.2680595473176412,0.0016758295460022,嘉晶,電子–半導體
360,3511,0.8972559658858029,0.2648057893316601,0.0018091749698214,矽瑪,電子–電子零組件
361,1475,0.8892496425542354,0.2633538779948584,0.0005112006383569,業旺,紡織纖維
362,6156,0.9255784650767716,0.2631714727922526,0.0008947515707404,松上,電子–電子零組件
363,1903,1.6347084500219984,0.2625725121705899,0.0004303727619117,士紙,造紙工業
366,9911,1.8447105089905456,0.2601747815097947,0.0020642504969146,櫻花,居家生活
367,2718,1.2980499746281244,0.2600033995838629,0.0010238330214633,晶悅,建材營建
368,4534,0.9121273942138812,0.2592512647776515,0.0001454511971132,慶騰,電機機械
369,6212,1.1623690083676148,0.2589957220677971,0.0019765019824262,理銘,建材營建
371,1215,2.24062600307336,0.2577536589648001,0.0004798830632353,卜蜂,食品工業
374,6416,1.038595307182429,0.2568109166445477,0.0019235837535234,瑞祺電通,電子–通信網路
375,9910,1.0994064888142967,0.2561317052031991,0.0023714130948064,豐泰,運動休閒
376,3226,1.41669191723027,0.2533883083292291,0.0010141681232198,至寶電,電機機械
377,6279,0.8749668806733204,0.2519906806197065,0.0018512318129069,胡連,電子–電子零組件
379,2362,1.4525709813170469,0.2513563838558756,0.0017727329650369,藍天,電子–電腦及週邊設備
384,5481,1.5369856760882838,0.2478642956175652,6.271248798839224e-05,新華,其他
385,2485,1.1270883901174091,0.2470294827471258,0.0001147304819824,兆赫,電子–通信網路
386,1463,2.2624585061345748,0.2464097037212181,4.7935353677530657e-05,強盛,紡織纖維
387,6284,0.9428525009191956,0.2451220136272132,0.0021755593188572,佳邦,電子–電子零組件
389,1336,0.9217835307307676,0.2431899129085889,0.0043220883890171,台翰,電子–電子零組件
392,9905,2.5633462383247503,0.2403044204854607,0.0003203499627488,大華,其他
393,2101,1.3774708287391018,0.2393515830814956,0.0008600890869274,南港,橡膠工業
396,1808,1.086661054870487,0.2389811500631287,0.0023318596940953,潤隆,建材營建
397,4974,1.318282473182904,0.23853443743528,0.0008919537513065,亞泰,電子–電子零組件
398,5471,0.9841272334479242,0.237270610207768,0.0049633201233518,松翰,電子–半導體
399,6609,0.9652385050972132,0.2371830048918069,0.0032360697296098,瀧澤科,電機機械
401,3313,0.904525715974998,0.2365507615129401,0.0001411458614484,斐成,其他
402,3296,0.8580452206918697,0.2363870498653666,0.0026296977011952,勝德,電子–電子零組件
403,5215,0.8509056670243915,0.2360883054564445,0.0003416413583181,科嘉-KY,電子–電腦及週邊設備
405,4153,0.8417950593538923,0.2348790617749708,0.0004767754421663,鈺緯,生技醫療
406,8472,0.8362442942325408,0.2346876349306185,0.0004343863474787,夠麻吉,數位雲端
407,6496,1.575242283891608,0.2345530779586754,3.4519918131081795e-05,科懋,生技醫療
412,2379,0.9204312912532306,0.2292730573943278,0.0013192212027206,瑞昱,電子–半導體
413,2451,1.6285364752137692,0.2288464683449143,0.0012728011497529,創見,電子–半導體
414,6285,1.0030596855861067,0.2282281363750539,0.0018345401331316,啟碁,電子–通信網路
416,5438,0.9368438290549864,0.2277819839048598,0.0010614455786708,東友,電子–電腦及週邊設備
418,6147,1.2949153634411803,0.2258663721998465,0.0022372740422724,頎邦,電子–半導體
419,4541,0.8389896515353977,0.2256522658717845,0.0038341361214406,晟田,其他
422,2402,1.0394866388635229,0.2244705556741146,0.0008248240646935,毅嘉,電子–電子零組件
423,4939,1.0080734835226233,0.2244101836916451,0.0012026711046928,亞電,電子–電子零組件
424,8096,1.0540275339150051,0.2237607915849084,0.0007763244029774,擎亞,電子–電子通路
426,2342,0.8652273186126497,0.2231142295286294,0.0012979664061276,茂矽,電子–半導體
427,3416,2.0725476158046687,0.2216965391601526,0.0006034491088939,融程電,電子–電腦及週邊設備
428,2109,1.6327576440147862,0.2210833230748755,0.0012356254192127,華豐,橡膠工業
429,2505,1.4030206830768062,0.2210108748923541,0.0009636617214709,國揚,建材營建
431,3167,0.9375120394258988,0.2203062116397568,0.0009372694257763,大量,電機機械
432,8091,0.8691674172424855,0.2178452054025183,0.0016179287777049,翔名,電子–電子零組件
433,3537,1.0689315762111244,0.2169647645311518,0.0013277802663651,堡達,電子–電子零組件
434,9105,1.0903928817788415,0.2150093188077684,0.0004602732497005,泰金寶-DR,存託憑證
436,3712,0.973832531644996,0.2137200312961469,0.0022966073374846,永崴投控,電子–電腦及週邊設備
438,1402,1.6228694180000167,0.2130475814732477,0.0016573612956563,遠東新,紡織纖維
440,3479,0.8737031650173794,0.2124479789528496,0.0016518658849236,安勤,電子–電腦及週邊設備
441,1718,1.1421399073992429,0.2118715919139251,0.0010836808796739,中纖,化學工業
442,2025,0.8222079811816466,0.2116883117033542,0.004479797775275,千興,鋼鐵工業
444,4188,0.9458668726299262,0.2103343230975444,0.0002454939203744,安克,生技醫療
446,1307,1.6358242511964456,0.2091918785356576,0.0002132052145498,三芳,塑膠工業
447,4995,0.9422034776014572,0.2081791769148444,0.00124928247169,晶達,電子–光電
449,8064,1.082760973406587,0.2078364617269792,0.0013333754213817,東捷,電子–光電
451,6276,0.8194088433347999,0.2075214506499659,0.0007846446060284,安鈦克,電子–電腦及週邊設備
452,3625,0.8229046903861484,0.2075130182826754,0.0005847969441674,西勝,電子–電腦及週邊設備
453,1723,1.389121879047421,0.2073252502763858,0.0009144132236542,中碳,化學工業
454,2605,0.8164965539729153,0.2072015770464473,0.0014442617575696,新興,航運業
455,1526,0.9123155717004292,0.2067448548758379,0.0005177920611458,日馳,電機機械
457,6414,0.918336319666005,0.2053977159603849,0.0002738774619501,樺漢,電子–電腦及週邊設備
458,3038,1.0554523113318517,0.2052760231100588,0.001049474213687,全台,電子–光電
461,1201,1.527300980027148,0.2016070507376092,0.0002476156505508,味全,食品工業
462,2885,1.2609015913951998,0.2015392610838068,0.0030233113866415,元大金,金融保險
463,6180,0.9842807414993288,0.2007180678098294,0.0005096413733554,橘子,文化創意
464,2356,1.4784497469916753,0.2005643016742455,0.002989199856529,英業達,電子–電腦及週邊設備
465,2539,1.4543233804713556,0.2000055482896111,0.0013699355440621,櫻花建,建材營建
467,4927,0.840374680464946,0.1995461132769782,0.0018323612675885,泰鼎-KY,電子–電子零組件
468,8936,0.9419360500019528,0.1990589030191238,0.0010077635852212,國統,其他
469,3673,1.043255698969512,0.1989596822922669,0.000104828709027,TPK-KY,電子–光電
471,1340,1.2736426147204292,0.1968477425070293,7.216655461661503e-06,勝悅-KY,塑膠工業
475,3294,0.7707936870147373,0.1947499002446943,0.0017204728537763,英濟,電子–電子零組件
478,8066,1.004092726944277,0.1920001945814854,4.07638200385918e-05,來思達,居家生活
482,1784,0.908332413448606,0.1914260013608638,0.0012590834448928,訊聯,生技醫療
485,1604,1.3479775753591212,0.1905379275384848,0.0045811040836269,聲寶,電器電纜
487,1417,0.863461533187996,0.1901762899052099,0.0018839782314898,嘉裕,紡織纖維
488,5392,0.9593403977119316,0.1900968068088482,0.0001458313354305,能率,電子–光電
489,3516,0.9907679170371724,0.1898376771133264,0.000423276607762,亞帝歐,電子–光電
490,5223,0.945091423368613,0.1898067184615473,0.0003163825149385,安力-KY,電子–電腦及週邊設備
491,6223,0.7816023609253776,0.1879139282920252,0.0014148328846204,旺矽,電子–半導體
492,3587,0.7867877402152417,0.1878214883130488,0.0029258988070068,閎康,電子–其他電子
493,2383,0.7685982263892136,0.1871671414046314,0.0034213954349979,台光電,電子–電子零組件
494,1527,1.249266094707421,0.1865014700228142,0.0001549417538626,鑽全,電機機械
495,1419,1.973709297157359,0.1857927047221434,0.0007829013120499,新紡,紡織纖維
496,3027,0.7327467585793253,0.1852998919275567,0.0031909262688714,盛達,電子–通信網路
498,2845,1.4872097274381817,0.1838577073753768,0.0034221060559502,遠東銀,金融保險
499,2633,1.7740414805249918,0.1834899912362951,0.0002045791452474,台灣高鐵,航運業
501,2514,1.324752180342081,0.1826936691294373,0.0007991116981429,龍邦,其他
503,9929,0.8994720382091687,0.1819980243759648,0.0004911602050015,秋雨,其他
504,4167,0.7155109092889541,0.1812440816138934,0.0019896375088137,松瑞藥,生技醫療
506,4908,0.728243997576957,0.1801945344130265,0.0012532692635431,前鼎,電子–通信網路
507,3583,0.7780856419089622,0.1801708884672034,0.0027362574910512,辛耘,電子–半導體
508,6425,0.8910678260494644,0.1798360461055325,0.0029059847729513,易發,電機機械
509,3005,1.0039806147537584,0.1795209251823774,0.0023803595540812,神基,電子–電腦及週邊設備
511,6136,1.6101931351664478,0.178532030777298,0.0004670419621106,富爾特,電子–通信網路
513,5455,0.8794970143561278,0.1769542093250947,0.0009028461226989,昇益,建材營建
515,2520,1.0393000942832118,0.1755602167014494,0.0016022660092858,冠德,建材營建
517,2313,0.7881132664965073,0.1750243439919991,0.0022673880448564,華通,電子–電子零組件
520,8215,0.800957125990823,0.1738941743806948,0.0026684621698223,明基材,電子–光電
523,4915,0.8414666354252768,0.1721188093078299,0.0010011673111876,致伸,電子–電子零組件
524,3003,0.8538305285062245,0.1719882725364034,0.0016873343774932,健和興,電子–電子零組件
525,3652,0.9006884425125947,0.1709085443059369,0.0006524782147607,精聯,電子–電腦及週邊設備
526,1589,0.7941605880496582,0.1702010817745832,0.000128891694203,永冠-KY,電機機械
527,3014,0.8057720922861921,0.1699688524972517,0.0040690212699701,聯陽,電子–半導體
528,2227,0.9100233356674898,0.1699652672492982,0.0022077388375691,裕日車,汽車工業
529,8426,0.6959973240686704,0.1695886222836228,0.0005678121794971,紅木-KY,其他
530,4545,0.8321680058809081,0.1694994711102701,0.0001671164045546,銘鈺,電子–電子零組件
532,2498,0.6803482096044402,0.1682305851670676,0.0026007288615801,宏達電,電子–通信網路
533,2008,0.8890258898987639,0.1672495347104336,0.0044234682864043,高興昌,鋼鐵工業
534,4535,1.0743751128018708,0.1668436756784505,0.000574652589421,至興,電機機械
536,1583,0.8921242531475673,0.1649981691557789,0.0007097147245076,程泰,電機機械
537,3114,0.8660169794566155,0.1638197904793339,0.0003111025498583,好德,電子–電子零組件
538,2515,1.051027195594632,0.162939879995757,0.0017720827963785,中工,建材營建
539,2467,0.950647439058006,0.162895779576903,0.0033149804803542,志聖,電子–電子零組件
540,5514,0.7711344756332669,0.1626277611563043,0.0029357526473177,三豐,建材營建
541,2332,0.8519818786473191,0.1618691381481617,0.0010222897544736,友訊,電子–通信網路
543,2369,0.763000994780121,0.160875090330294,0.0025478194729657,菱生,電子–半導體
544,9933,0.898831887652958,0.1603957599078848,0.0030246076494222,中鼎,其他
545,6590,0.9815161182753276,0.1602104426018142,0.0037400129731395,普鴻,電子–資訊服務
546,2348,0.8226143105377636,0.1599426245817569,0.0017194309621118,海悅,其他
550,8249,0.8625661011078998,0.1588197375586732,0.0023404646344715,菱光,電子–電子零組件
551,3232,0.668825802972703,0.1580572939192217,0.0026031539528048,昱捷,電子–電子通路
552,2427,0.8638649983221827,0.1578456829884432,0.0021003113361075,三商電,電子–資訊服務
553,4906,0.7598629767669183,0.1572379099980052,0.0019949271081713,正文,電子–通信網路
556,1512,0.662820922792054,0.15651303018838,0.0003137274843538,瑞利,汽車工業
557,8431,0.739112023775531,0.1540731669798938,0.0006170443912196,匯鑽科,電子–其他電子
558,2420,1.3078840178416764,0.1518371412627269,0.000981397297437,新巨,電子–電子零組件
559,6165,0.7079950133536472,0.1516439607886323,0.0001794222234821,浪凡,數位雲端
561,1465,1.153098294249966,0.1512632159446229,0.001051069200912,偉全,紡織纖維
562,2455,0.6721620121355808,0.1510932238404868,0.0017593778175069,全新,電子–通信網路
565,5871,0.7216130866140235,0.1503813543300962,0.0044348319715936,中租-KY,其他
566,6674,0.7369794008446207,0.1499876254268802,0.0014000760784256,鋐寶科技,電子–通信網路
567,1525,0.8357916731706595,0.1496776140103927,0.0001465049040234,江申,汽車工業
568,1466,0.9081914872668004,0.1490994693256941,0.0002497966079317,聚隆,紡織纖維
570,2867,0.9356821397300956,0.1464372051755272,0.0004810678183275,三商壽,金融保險
572,1785,0.7082906213596937,0.1453477641892301,0.0014108917457633,光洋科,電子–其他電子
573,6451,0.6819987032850587,0.1451271531563812,0.0008062491069722,訊芯-KY,電子–半導體
574,6624,1.0058271803120844,0.144771656914514,0.0024418062239419,萬年清,綠能環保
575,1219,0.711348343134962,0.1446354013404291,0.004580082531902,福壽,食品工業
579,4973,0.7522219663313584,0.1418198647544592,0.0007231482341012,廣穎,電子–半導體
580,4568,0.8963174010669637,0.1403229371112738,0.0029834623819624,科際精密,電機機械
581,5013,0.8068720092327057,0.1400854201732069,0.0008246807919931,強新,鋼鐵工業
582,8342,1.1131901680316412,0.1396659817532931,0.0013645791586895,益張,其他
583,2516,0.9204345114150648,0.1395919667722763,0.0004885695288976,新建,建材營建
586,4205,1.0922333712862242,0.1391147565459731,0.0004622416481652,中華食,食品工業
587,6290,0.7276452308638424,0.1387912781212538,0.0007214799370558,良維,電子–電子零組件
588,5206,0.7384523691352844,0.1381056156297491,0.0009787059898371,坤悅,建材營建
589,9931,1.1480275727276863,0.1378184276021052,0.0010795764756039,欣高,油電燃氣
590,4108,0.7128400643535323,0.1377178603621756,0.0003059668142668,懷特,生技醫療
591,3388,1.142348350086085,0.1375666480492165,0.0027686792382155,崇越電,電子–電子零組件
593,8906,0.6450332727458572,0.1363074013995249,0.0009364687866764,花王,其他
594,1227,1.2805162191709536,0.135759028651982,0.0004438684491105,佳格,食品工業
595,2357,0.7623153063223971,0.1351966195670104,0.0026522576081333,華碩,電子–電腦及週邊設備
596,3289,0.6185860355842363,0.1341287031092126,0.001016637156681,宜特,電子–其他電子
597,3054,0.6712160793241232,0.1335131214599077,0.0012354565114947,立萬利,食品工業
598,1437,0.8958291679200096,0.1329555382469188,0.0015507838288613,勤益控,其他
599,3680,0.6116852014895995,0.1323767001836917,0.0024851990674505,家登,電子–半導體
600,2701,1.434555918785179,0.1321621817162952,0.0005570926514337,萬企,觀光餐旅
601,3338,0.6357138445612665,0.1318321622049526,0.000520909034094,泰碩,電子–電子零組件
603,8092,0.6088908599601156,0.1298694733669029,0.004472024666029,建暐,電子–其他電子
605,2705,0.7226413226334563,0.1294248080167,0.0011266247074672,六福,觀光餐旅
606,4550,0.8388608039703519,0.1290176605788778,0.0004781199777426,長佳,電機機械
607,2371,0.732200072707055,0.1281273775814914,0.0006944416672922,大同,電機機械
608,2329,0.6479808317865231,0.1279096333641817,0.0020050003950018,華泰,電子–半導體
610,6441,0.6008666635524735,0.1277208640225293,0.0009399895188835,廣錠,電子–電腦及週邊設備
612,8067,0.6024006836942933,0.1271656691413746,0.0017701596589176,志旭,電子–電子通路
613,4157,0.6072200489993692,0.1260494366663135,0.0008448647495242,太景*-KY,生技醫療
614,1531,0.906217044483848,0.1260456660206948,0.0002493418196536,高林股,電機機械
615,6456,0.682211474969503,0.1257527935381398,8.023187820072053e-05,GIS-KY,電子–光電
616,5291,0.7022145078385695,0.1256567164759711,0.0028725535448757,邑昇,電子–電子零組件
617,5519,0.8990115274525494,0.1241125095373995,0.004379741003504,隆大,建材營建
619,1806,0.7578697114728984,0.1239004647930035,0.0049148076541314,冠軍,玻璃陶瓷
621,8048,0.8502637682705118,0.1229547729115468,0.0005738408890465,德勝,電子–通信網路
622,8291,0.5934883659061436,0.1227590506671243,0.0021044030727352,尚茂,電子–電子零組件
623,9904,0.7931798099921048,0.1223876515924538,0.0010916425089817,寶成,運動休閒
625,3323,0.6440451268724473,0.1207581493265063,0.0011547013600647,加百裕,電子–電腦及週邊設備
626,8271,0.7179811940107638,0.1186857756541294,0.0011005386422766,宇瞻,電子–半導體
627,2495,0.5938628861881348,0.118540593400298,0.0026295623538317,普安,電子–電腦及週邊設備
628,1338,0.6479236636660366,0.1181947085235431,0.0002647512692419,廣華-KY,汽車工業
632,2382,0.8527523217028165,0.1170729498274151,0.0027537540299817,廣達,電子–電腦及週邊設備
633,1476,0.6118147363003988,0.1168234983966448,0.0024479000639985,儒鴻,紡織纖維
634,1532,0.876973635325434,0.1164684969885425,0.0010560056580288,勤美,電機機械
635,5530,0.8107117920491155,0.1163955606686322,0.0014834260946372,龍巖,其他
636,6201,0.9970822214338984,0.1159493864492708,0.002196836645453,亞弘電,電子–其他電子
638,5478,0.7086215120562248,0.114529286249062,0.0013500810164259,智冠,文化創意
639,6182,0.574111082975972,0.1143748312753965,0.0015524074224231,合晶,電子–半導體
640,1416,0.8907552473383182,0.11392214881189,7.055400647004717e-05,廣豐,其他
641,1737,1.4161988988326908,0.113034465716923,0.0021227247234492,臺鹽,食品工業
642,2316,0.7085197926296287,0.1129559307522572,0.0006230568351384,楠梓電,電子–電子零組件
643,5516,0.5967889539960746,0.1127141980687856,0.0041961780261772,雙喜,建材營建
644,4972,1.263894828927348,0.1126076568360348,0.0003369657524672,湯石照明,電子–光電
645,9919,0.565815287653188,0.1125425612552791,0.0011553999502211,康那香,其他
647,6532,0.5773943797223601,0.112266446271938,0.0016077936288638,瑞耘,電子–半導體
648,1256,0.5925914324626326,0.1120222089182679,0.0013980097974126,鮮活果汁-KY,食品工業
649,8093,0.5832492082910439,0.1119396122237532,0.0011638888963716,保銳,電子–電子零組件
651,4175,0.5676366753816695,0.1108509891847201,0.0030745193380425,杏一,生技醫療
652,2414,0.8764491498175269,0.1103053753422673,0.0020294293790357,精技,電子–電子通路
653,8482,0.8648870783573593,0.1096397742303051,0.0010281200438839,商億-KY,居家生活
654,1441,0.8536182532086559,0.1092572862968114,5.6982641808644985e-05,大東,紡織纖維
655,8429,0.6057152063518179,0.1081424300876288,3.578738699161477e-05,金麗-KY,貿易百貨
659,8112,0.6566082487097232,0.1071740316911783,0.0039279212724068,至上,電子–電子通路
660,2634,0.6199488795155147,0.1066153101714535,0.0022838293425593,漢翔,航運業
662,2377,0.5857347706050137,0.1060496338370921,0.0013373327165027,微星,電子–電腦及週邊設備
665,2472,0.5956012465668061,0.1048838015023294,0.0015348441738751,立隆電,電子–電子零組件
666,8279,0.562549500528097,0.1043641875313191,0.0025799641152843,生展,生技醫療
668,3236,0.5537586728104636,0.1040247943225612,0.0002690999435799,千如,電子–電子零組件
669,6184,1.043727992317082,0.1036302490156622,0.0015740720191388,大豐電,其他
670,6207,0.6050091260648691,0.1033431373833748,0.0005548706540139,雷科,電子–電子零組件
672,6231,0.5452751856904151,0.1016464869234515,0.0015719613711553,系微,電子–資訊服務
673,1742,0.5574896318813329,0.0998117676138167,0.0016103926209325,台蠟,化學工業
674,2912,0.8608320025812705,0.0984215735307987,0.0007023764628684,統一超,貿易百貨
675,1457,0.7758403292737356,0.0983220527802117,0.0025210043240804,宜進,紡織纖維
676,2548,1.1696373799093076,0.0974602533283237,0.0010298385241185,華固,建材營建
679,1504,0.6981321587801631,0.0960441628487333,0.0017184803800773,東元,電機機械
681,3276,0.5491922993676956,0.0955774594020661,0.0020361615170259,宇環,電子–電子零組件
684,6514,0.5309433906962754,0.0919618788364316,0.0039326457772403,芮特-KY,電子–通信網路
685,3527,0.5175405753257384,0.0907557971931325,0.0014645659612142,聚積,電子–半導體
686,8109,0.6796493125317917,0.0900189560407714,0.0013545396886911,博大,電子–電子零組件
687,6192,0.8254543315661523,0.0898254839268572,0.0004199084123683,巨路,電子–其他電子
688,9946,0.6257873188438542,0.0887847654346875,0.0002200840140176,三發地產,建材營建
689,4433,0.5177786933845265,0.088772862900623,0.001262954358026,興采,紡織纖維
691,2107,0.7762023962612913,0.0884956930685228,0.0013925642851972,厚生,橡膠工業
693,2903,0.7248341983579196,0.0879031598869815,0.0016347763121302,遠百,貿易百貨
694,4745,0.5009809115008663,0.0856714908969574,0.0004909384233542,合富-KY,生技醫療
697,4934,0.4946547099286454,0.0841794551618745,0.0017575366800883,太極,電子–光電
698,5511,0.9630965850301852,0.0832754899066759,0.000423356270403,德昌,建材營建
699,6188,0.5432433772751024,0.0830891276289638,0.0007107394521881,廣明,電子–電腦及週邊設備
700,8437,0.6329978336310378,0.0830317873642206,0.00064690454019,大地-KY,其他
703,2643,0.5162855996729703,0.0823373173970784,0.0043339944968465,捷迅,航運業
704,6248,0.5129600472572409,0.0822089919265379,0.0010319483626517,沛波,鋼鐵工業
705,2442,0.577892853491865,0.0815324142834599,0.0010678465077944,新美齊,建材營建
706,4406,0.5717650131787863,0.0814376357225754,0.0026101039111381,新昕纖,紡織纖維
707,5907,0.5758874980193632,0.0805201258387258,0.0006132137605163,大洋-KY,貿易百貨
711,4120,0.5497138792430167,0.0784463028249474,0.0004364755250207,友華,生技醫療
712,3206,0.5857468110513345,0.078248924932549,0.0008815920227789,志豐,電子–電子零組件
716,6005,0.5388090768682953,0.076030625200586,0.0047386771257151,群益證,金融保險
718,1264,0.848046153604035,0.0756678411570754,0.0008773037152423,德麥,食品工業
719,2608,0.4919923142109169,0.0754946480947195,0.0011173793136549,嘉里大榮,航運業
720,4510,0.6014044130788665,0.0741129735807602,0.0001401904223712,高鋒,電機機械
722,2464,0.5513900606830552,0.0736743622671041,0.0007519754708482,盟立,電子–其他電子
723,2323,0.4882646551796311,0.0732459429263836,0.0009727745928103,中環,電子–光電
727,6023,1.1167842463773396,0.0715866455148066,0.000490341083605,元大期,金融保險
728,1615,0.4867314656371402,0.0707841936725789,0.0006247829578569,大山,電器電纜
731,9930,0.8106010005096747,0.0694637217683275,0.0003860214874293,中聯資源,綠能環保
732,2509,0.6955562399319483,0.0692158515290032,0.0001498983604051,全坤建,建材營建
735,8466,0.4948712816449888,0.0672070021309237,0.0003315454907806,美吉吉-KY,其他
736,2431,0.4630534234258315,0.0666494458678738,0.0006952052299311,聯昌,電子–電子零組件
737,3019,0.4468869382156712,0.0662116203671777,0.0003929613048967,亞光,電子–光電
738,8436,0.4413513976679171,0.066059317949465,0.0002683165912458,大江,生技醫療
739,6442,0.4477256367664987,0.0660575584785796,0.0032782834514364,光聖,電子–通信網路
740,1736,0.4426897952864181,0.0660250468313093,0.001754213735694,喬山,運動休閒
741,6176,0.4998916525753066,0.0660233436671102,0.001476625126088,瑞儀,電子–光電
742,8476,0.4547987740258378,0.0656204120496572,0.0012271215637156,台境,綠能環保
743,3064,0.4642782637376109,0.0655045043409178,0.0001288470430154,泰偉,文化創意
744,4722,0.5076667099741591,0.065247123632639,0.002848274212738,國精化,化學工業
745,2450,0.6095700538962445,0.0650351355627359,0.0001637302539165,神腦,電子–通信網路
746,2849,0.5959712600039843,0.0638896438999646,0.0021345356217352,安泰銀,金融保險
748,3376,0.4670911465987245,0.0635141904557717,0.0008014443228603,新日興,電子–電子零組件
749,4303,0.4421115942381043,0.0632811505260148,2.7612413859401382e-05,信立,塑膠工業
750,4527,0.5406454877354484,0.06279402369662,0.0005990833624309,方土霖,電機機械
751,1714,0.4855962336416101,0.0626313758500194,0.00129049053794,和桐,化學工業
752,1904,0.5390210475294036,0.0611830910058183,0.0009124654507104,正隆,造紙工業
753,9925,1.160927822701833,0.0604707618460204,0.0007737223713775,新保,其他
754,1234,0.8115450605271121,0.0603576016507602,0.0008176419869414,黑松,食品工業
755,4564,0.4234896743316202,0.0603280684286593,0.0023300175671465,元翎,電機機械
757,6435,0.4263608759906085,0.0599505454144467,0.0021725996484747,大中,電子–半導體
758,6574,0.4178257504191145,0.0592505447900136,0.0007776996753818,霈方,生技醫療
759,6115,0.879775584054678,0.0592460834565841,0.0004697360836871,鎰勝,電子–電子零組件
760,3550,0.4574326880685561,0.058988737818917,0.0006314323745755,聯穎,電子–電子零組件
761,6215,0.422394156476904,0.0589477731674973,0.0010322041816834,和椿,電子–其他電子
762,3379,0.4346345198952162,0.0588471770698491,0.0004769475963257,彬台,電機機械
763,5878,0.6846760724341939,0.0583304406357279,0.0014681114353152,台名,金融保險
765,6126,0.4151826814266656,0.0575359511508558,0.0010565903430688,信音,電子–電子零組件
766,6577,0.6603241458847963,0.0571626557816286,0.0022415721796278,勁豐,電子–電腦及週邊設備
768,4707,0.5387506598720896,0.0567669206080563,0.0011353727531968,磐亞,化學工業
769,2832,0.7972407558730076,0.0563842672738883,0.001595155456016,台產,金融保險
771,2344,0.4069467021479405,0.0559440741786733,0.0019543984963092,華邦電,電子–半導體
772,4119,0.4340964904854764,0.0557199594810026,0.0006851453617855,旭富,生技醫療
773,1316,0.4179751912496122,0.0555122431069547,0.0023068272494128,上曜,建材營建
774,5487,0.404267961894153,0.0554644654448469,0.0009277037897845,通泰,電子–半導體
775,3581,0.4025394606343608,0.0553053337401382,0.0013254515852167,博磊,電子–半導體
776,6596,0.4257102638025767,0.0546866928897718,0.0014699832718179,寬宏藝術,文化創意
777,2385,0.4602313589650967,0.0543133790801984,0.0016754352400312,群光,電子–電子零組件
779,1473,0.4352677925108735,0.0537482563560573,0.0002935433881248,台南,紡織纖維
780,5460,0.539556872174463,0.0532472790350986,0.0028504959846031,同協,電子–電子零組件
781,2506,0.5094057349865843,0.0524625380642051,0.0005509106849785,太設,建材營建
785,1614,0.4910773279014509,0.051456441063422,0.0008754225727898,三洋電,電器電纜
786,4942,0.458249399832335,0.0512685763375752,0.0015054133073135,嘉彰,電子–光電
787,8277,0.4014413154946686,0.0510629593222194,0.000554328527869,商丞,電子–半導體
788,2601,0.3856771887560068,0.0501902660720266,0.0007530713664891,益航,貿易百貨
789,6288,0.3897375810823783,0.0501665311728461,0.0022918609756743,聯嘉,汽車工業
790,4551,0.4031680412497181,0.0500692200438024,0.002346458408283,智伸科,汽車工業
791,2911,0.3962106680858457,0.0497560732362345,0.0002044282828137,麗嬰房,貿易百貨
792,5302,0.4151232363518166,0.049563064869792,0.0010477409614395,太欣,電子–半導體
793,3611,0.4172594373254027,0.0488601205351002,0.0004584664616231,鼎翰,電子–電腦及週邊設備
794,6210,0.4950838714004998,0.0485813568856498,0.000428664597166,慶生,電子–電子零組件
797,4154,0.390242160102785,0.0447346569220096,0.0044535501510836,樂威科-KY,其他
799,6154,0.4513846085462707,0.0443891004105977,0.0011138765112264,順發,電子–電子通路
800,2208,0.3609867790278731,0.0443456342284613,0.000376781756131,台船,航運業
801,3088,0.3631953023167789,0.0442320184349907,0.0036484410229604,艾訊,電子–電腦及週邊設備
804,4190,0.3629157771270745,0.0436976895956812,0.0004410268429637,佐登-KY,生技醫療
808,6443,0.3858555738782314,0.0424342666224993,0.0022634806082351,元晶,電子–光電
809,1323,0.4461813809792796,0.0423261124046563,0.0006671598057437,永裕,塑膠工業
813,2536,0.5154615867960565,0.0415368373913165,0.0007374186607194,宏普,建材營建
814,4953,0.3506518999122325,0.0414699553140155,0.0005122760903759,緯軟,電子–資訊服務
815,3118,0.3647789570984779,0.0411899437665219,0.0009534011833238,進階,生技醫療
817,1726,0.6873471856147485,0.0405761200568677,0.0003614364632085,永記,化學工業
818,6171,0.3609956482028338,0.0398407451555861,0.0017302306932833,大城地產,建材營建
819,1459,0.3459675507509473,0.0392649691848572,0.0012484717808547,聯發,紡織纖維
820,4207,0.3475210788399787,0.0386084682194612,0.0046266449571703,環泰,食品工業
821,1301,0.3715815928553836,0.0386048959440954,0.003652265848359,台塑,塑膠工業
822,3284,0.3542294614617822,0.0385575813818935,0.0010964424436679,太普高,其他
823,5272,0.3936154000115169,0.0381128626780936,0.0029349091964832,笙科,電子–半導體
824,1210,0.3537473897385226,0.0366036060774352,0.0013146237615728,大成,食品工業
827,4163,0.3211050360498217,0.0341594361166201,0.0002925819366055,鐿鈦,生技醫療
828,9942,0.3178380941153578,0.0337314781441359,0.0024613549721834,茂順,其他
829,5220,0.3210669989033114,0.0336812578976528,0.0011591950478759,萬達光電,電子–光電
830,3551,0.3122191911050434,0.0327417114009702,0.0029060070737614,世禾,綠能環保
833,4736,0.3358395040409052,0.0311787095569354,0.0031070507211552,泰博,生技醫療
837,1535,0.3270390886604173,0.0297069302739393,0.0004971178132109,中宇,電機機械
841,6121,0.2938438414064614,0.0276100361351056,0.001582983550179,新普,電子–電腦及週邊設備
842,9940,0.2936952256808647,0.0273233738960601,0.0009520814382995,信義,其他
843,6146,0.3018776473385828,0.0272181000117211,0.0034479228925192,耕興,電子–其他電子
846,2616,0.3282646687510724,0.026116624574121,0.0018656350221135,山隆,油電燃氣
847,1314,0.2804565430566949,0.0252126178250301,0.0013295468816068,中石化,塑膠工業
848,3310,0.2945135232702097,0.0249930315662258,0.0009408826008439,佳穎,電子–電子零組件
849,3591,0.3198011354728104,0.0248035551749121,0.0016272244029096,艾笛森,電子–光電
850,1530,0.2740527879510205,0.0247374620141414,0.0012521854514488,亞崴,電機機械
852,1447,0.2715358165093117,0.0242071850850615,0.0008894446254998,力鵬,紡織纖維
853,2239,0.2958877378159963,0.0240852981817039,0.0002559718559496,英利-KY,汽車工業
856,3490,0.2868934631549095,0.0235504732243136,0.000277439347883,單井,電子–光電
858,2228,0.2618446505126179,0.0228834863986013,0.0001322846717357,劍麟,汽車工業
860,3363,0.2776988287850033,0.0216896661032066,0.0005726344606955,上詮,電子–通信網路
861,6573,0.3037155603120821,0.0214532669967749,0.0013473490062096,虹揚-KY,電子–半導體
862,3029,0.2569753730232528,0.0213348282427452,0.0011903182839887,零壹,電子–資訊服務
863,2726,0.2638604797024936,0.0213103940541796,0.000827641095384,雅茗-KY,觀光餐旅
864,2404,0.2635269099573445,0.0205722913435555,0.0020563338184729,漢唐,電子–其他電子
865,3312,0.2622829179913511,0.0202174621352776,0.002580634503829,弘憶股,電子–電子通路
867,2511,0.247862717502168,0.0200706821585482,0.0021565901624853,太子,建材營建
868,2459,0.250676838774546,0.0196048114411159,0.0027104480323032,敦吉,電子–其他電子
870,5202,0.2692020013824865,0.0184093933979502,0.0003290549866505,力新,電子–資訊服務
873,6218,0.2384755692693648,0.0176062742231208,0.0019399181255721,豪勉,電子–通信網路
874,6697,0.2321992322199127,0.0167189524702956,0.0031857091962592,東捷資訊,電子–資訊服務
875,4977,0.3214441447879664,0.0167118475530948,0.0018370631478319,眾達-KY,電子–通信網路
876,8410,0.2318680988705376,0.0166442092141848,0.0007545616426796,森田,電子–電腦及週邊設備
877,8059,0.2478756263602554,0.0165506000861739,0.0002139753914889,凱碩,電子–通信網路
879,5201,0.2582715948889929,0.0163135808280115,0.0004617737067746,凱衛,電子–資訊服務
880,4137,0.2313443727425577,0.0154583467012635,0.0007815364660928,麗豐-KY,生技醫療
881,5287,0.2183435909739502,0.0152445322413136,0.001432419536286,數字,數位雲端
882,6449,0.2396691962993617,0.0149806910220777,0.0010386610265413,鈺邦,電子–電子零組件
883,6541,0.3453259057538234,0.0146470484056375,0.0026725287389126,泰福-KY,生技醫療
884,2820,0.2103870910576123,0.0141933673057177,0.0039924282609717,華票,金融保險
885,1595,0.2235422994440048,0.0140540687606711,0.00065762642771,川寶,電子–電子零組件
888,5474,0.2889280579920777,0.0116499391316655,0.0003541164023772,聰泰,電子–電腦及週邊設備
894,8027,0.2568080679204831,0.0086724842827572,0.0014085470829741,鈦昇,電機機械
895,8068,0.3965879657673739,0.0082283309917906,0.0037277726096363,全達,電子–電子通路
896,3484,0.2323136757782696,0.0081635483375156,0.0032188509903789,崧騰,電子–電子零組件
897,2317,0.1654875688634335,0.0080287532323588,0.0012261114097782,鴻海,電子–其他電子
899,2546,0.1583588879195721,0.0075732870633345,0.0014874544649501,根基,建材營建
900,3708,0.3052759728533003,0.007195807232798,0.0024587326624896,上緯投控,綠能環保
901,6591,0.2195343718928544,0.0066518743108181,0.0017839067222666,動力-KY,電子–電腦及週邊設備
903,3672,0.2613616852869422,0.0059754390030313,0.0015121495507628,康聯訊,電子–通信網路
904,6264,0.2035582338303749,0.0050484349784694,0.0009599448258086,富裔,建材營建
906,8467,0.3312071801484758,0.0050288798126045,0.0041340301795571,波力-KY,運動休閒
907,3567,0.1514561441595342,0.0049052544816851,0.0016240481309068,逸昌,電子–半導體
908,1570,0.1906300016610763,0.0045121759676185,0.0026640385913196,力肯,電機機械
910,6417,0.1211230510234267,0.0036218493476873,0.0030166291890054,韋僑,電子–通信網路
911,5531,0.1519209300574539,0.0035217107415759,0.0016274910667561,鄉林,建材營建
913,911622,0.1599842699352168,0.0033758547021892,0.0001268513251488,泰聚亨-DR,存託憑證
917,3546,0.1644161242157261,0.0023331630844812,0.0005967795023025,宇峻,文化創意
919,1521,0.1577669335418907,0.0017408302712713,0.0005920384753608,大億,汽車工業
920,6021,0.1485160504557741,0.0013722916679245,0.0023243798495968,美好證,金融保險
924,1321,0.1142943460775988,-0.0002685741760053,0.0011246216090512,大洋,塑膠工業
925,2233,0.2156043694578759,-0.0006603225597483,0.0020636929875763,宇隆,汽車工業
926,1707,0.1066014556283067,-0.0007853818182357,0.0018320847884751,葡萄王,生技醫療
929,6186,0.1278614995634862,-0.0014647755926718,0.001764625272699,新潤,建材營建
930,1439,0.1613278073615728,-0.0019521357399466,0.0002130549173671,雋揚,建材營建
931,1460,0.110076877523874,-0.002061961978453,0.0003908475191565,宏遠,紡織纖維
932,8416,0.0521834128287124,-0.0020909050696992,0.0006705667510686,實威,電子–資訊服務
934,1339,0.1513247305088847,-0.0021203503000677,0.0012022371774946,昭輝,汽車工業
935,3576,0.1606611929667012,-0.0024930504787498,0.0049863038875628,聯合再生,電子–光電
936,1536,0.1764508038690195,-0.0026522052225865,0.0010461043348186,和大,汽車工業
937,6194,0.1133827102607483,-0.0031161446997805,0.0007408008877973,育富,電子–電子零組件
938,3528,0.0765984349688173,-0.0034886817936124,0.0015304275802918,安馳,電子–電子通路
939,6216,0.2207561002555622,-0.0035723924716538,0.0043338628092897,居易,電子–通信網路
940,3260,0.1784132674334159,-0.0036523441771639,0.0010077872648253,威剛,電子–半導體
941,2365,0.1299017052704502,-0.0046283141137911,0.0019528387056197,昆盈,電子–電腦及週邊設備
942,1777,0.115567920310636,-0.0047716976832053,0.0008998664816317,生泰,生技醫療
944,1906,0.1274108613355751,-0.0048070328092877,0.0004161709334766,寶隆,造紙工業
945,2910,0.1390977472533389,-0.0051358157988393,0.0007137120519473,統領,貿易百貨
946,2012,0.1462270011765776,-0.005180050302286,0.0014400678264792,春雨,鋼鐵工業
947,6486,0.0619881739205204,-0.0060554286906094,0.0012370713156997,互動,電子–通信網路
950,4706,0.0549943293576842,-0.0078118379640997,0.0004384889962238,大恭,化學工業
951,1702,0.0158073423719302,-0.0081784532931393,0.0003417272855585,南僑,食品工業
952,4907,0.0238830689791982,-0.0082435714639305,0.0001381474824029,富宇,建材營建
953,4536,0.1438642089615136,-0.0087434977737267,0.0030709649799973,拓凱,運動休閒
955,1312,0.0963487665382352,-0.0092286921545446,0.0011169832941959,國喬,塑膠工業
956,6535,0.1628873724481996,-0.0097751077966377,0.0034706729747995,順藥,生技醫療
958,1303,0.1056864595253578,-0.011114246065433,0.0042079308041138,南亞,塑膠工業
960,4763,0.2228421577071538,-0.011744134021779,0.0044457947333285,材料-KY,化學工業
961,1909,0.0822584343380992,-0.0118154347907763,0.0001867516903075,榮成,造紙工業
962,3297,0.2496890377891768,-0.0118310924549066,0.0039081054383132,杭特,電子–光電
963,9943,0.0715526214910827,-0.0128893653332633,0.0017989777043112,好樂迪,觀光餐旅
965,2501,-0.0455261372923136,-0.0135073106173896,0.0003781619734581,國建,建材營建
966,6128,-0.0095962216369732,-0.0144020541507673,0.0006252312487049,上福,電子–電腦及週邊設備
971,2236,0.1754101236772604,-0.0159430613033049,0.0002220517233126,百達-KY,汽車工業
974,6112,-0.0060707791884899,-0.016820438391588,0.0022133284146548,邁達特,電子–資訊服務
975,1776,0.0093374439728903,-0.0168595446584144,0.0020378580593387,展宇,化學工業
977,2352,0.042062987827244,-0.0173091286344778,0.002740836556768,佳世達,電子–電腦及週邊設備
978,1325,0.2031559096200509,-0.0176119751079045,0.0001922963037941,恆大,塑膠工業
979,5515,-0.0680212501476215,-0.0176592033979473,0.0015398483155877,建國,建材營建
980,1617,-0.02268004939874,-0.0177527005980563,0.000575191934331,榮星,電器電纜
981,2474,0.0287033058351831,-0.0178729039267877,0.0004941278821206,可成,電子–其他電子
982,2939,0.1953332199208071,-0.0182544071908941,0.0005635891625388,凱羿-KY,貿易百貨
983,1232,-0.0654460511570081,-0.0186445416318957,0.0029266014826134,大統益,食品工業
984,2415,0.1663301857482808,-0.0186549692342759,0.0015936076315483,錩新,電子–電子零組件
985,4976,0.2258883622487667,-0.0186549847759241,0.0005975992044113,佳凌,電子–光電
987,6143,0.2365101478410842,-0.0188450686847933,0.0033880742121255,振曜,電子–通信網路
988,5289,0.0668293097413199,-0.0190292426725318,0.0013605528292828,宜鼎,電子–電腦及週邊設備
989,6404,0.3110403110491255,-0.0191478949362057,0.0006143664177216,通訊-KY,電子–資訊服務
993,1108,-0.0706028087595305,-0.0199892918243323,0.0003546825955709,幸福,水泥工業
994,4556,0.0840491205971568,-0.0200927598209489,0.0010455303272465,旭然,其他
996,3026,-0.0357969316555381,-0.0208781123448433,9.4236387667479e-05,禾伸堂,電子–電子零組件
997,1730,-0.0451947912316538,-0.0210255875424168,0.0003156013062834,花仙子,化學工業
998,5284,0.1320839274644305,-0.0218993266847309,0.0038891713084012,jpp-KY,其他
999,9908,-0.1852995266749353,-0.0223198603047332,0.0027360511330698,大台北,油電燃氣
1000,3008,0.0830315032250304,-0.0224170905211452,0.0009887686173897,大立光,電子–光電
1001,2423,-0.0596262130872752,-0.0229037005385342,0.0012739889916701,固緯,電子–其他電子
1002,2103,0.0122266113825975,-0.0230530812312632,0.0011548069160198,台橡,橡膠工業
1003,5312,-0.2785534226619537,-0.023352072116434,0.0004666099612222,寶島科,生技醫療
1004,2405,0.1660421412142142,-0.0242379487698011,0.001664505154622,輔信,電子–電腦及週邊設備
1006,1817,-0.1636049598127394,-0.0247784639938755,0.0004921112285956,凱撒衛,玻璃陶瓷
1007,3311,-0.0424615182758224,-0.024879911319128,0.0013686849415535,閎暉,電子–通信網路
1008,5904,0.2129823830903472,-0.0249452569816305,0.0043370465718908,寶雅,居家生活
1010,3030,0.0115878160399378,-0.0260647944265946,0.0020233484174241,德律,電子–其他電子
1012,4161,0.0690860832900679,-0.026168528004499,0.0002575154703663,聿新科,生技醫療
1014,2496,-0.1037081782691505,-0.0268019824887002,4.375254697208675e-06,卓越,其他
1015,2729,0.1234101232238925,-0.0275790574059324,0.0019515675649017,瓦城,觀光餐旅
1016,1591,0.2502257656129809,-0.0283319005126688,0.0041321789049106,駿吉-KY,電機機械
1017,3176,0.154301664538389,-0.0291275112550599,0.0005372594296204,基亞,生技醫療
1018,1468,-0.1313360610137263,-0.0293907912434681,0.0021111861715326,昶和,紡織纖維
1019,6485,0.2238979132483021,-0.0295543975036734,0.002445841084409,點序,電子–半導體
1020,3530,0.1536433388427315,-0.0296679132362294,0.0048522044962737,晶相光,電子–半導體
1021,9960,-0.0519432953164964,-0.0298328304486645,0.0004313823883421,邁達康,運動休閒
1022,5903,-0.1067837000854869,-0.0301267624007542,0.003669913894555,全家,居家生活
1023,3450,-0.0410109791871908,-0.0302106344267109,0.0001729653331494,聯鈞,電子–半導體
1026,1565,-0.0579239102393908,-0.0313916652271093,0.000103548718016,精華,生技醫療
1027,1233,-0.130990738043157,-0.0315019280129412,0.0021495992405107,天仁,食品工業
1028,4766,-0.1121943140587745,-0.0317345797733911,0.0041812482231762,南寶,化學工業
1029,1799,0.2703468555763573,-0.0321862052065007,0.0008300981362481,易威,生技醫療
1032,8081,0.1270417304781083,-0.0331513963652794,0.0030683488366776,致新,電子–半導體
1033,3540,0.1200412434735613,-0.0334216287521846,0.0009248487931472,曜越,電子–電腦及週邊設備
1034,2441,-0.0368137437665031,-0.0336193228763433,0.0026819232152774,超豐,電子–半導體
1035,5225,0.2406460471613473,-0.0344844651195893,0.0008605968821484,東科-KY,電子–其他電子
1036,5301,0.3258404219131518,-0.0347188706935783,0.0005328039833329,寶得利,觀光餐旅
1037,2438,0.0908293551916016,-0.0349555857357327,0.0032821654167491,翔耀,電子–光電
1042,3628,0.1815240193344946,-0.0366976147787275,0.0038385341031244,盈正,電子–其他電子
1043,1537,-0.4680602464647019,-0.0366984793921945,0.0006253376741369,廣隆,電機機械
1044,4542,0.1227314852782111,-0.0373275941636551,0.0009975404282158,科嶠,電子–電子零組件
1045,4549,-0.1912021890685551,-0.038594210183498,0.0008950289866334,桓達,電機機械
1047,2524,-0.0295857210919362,-0.0401872261737709,0.0011387821905373,京城,建材營建
1049,3706,-0.2267249279908381,-0.0411898586215296,0.001052465315297,神達,電子–電腦及週邊設備
1051,3499,0.2909710465319736,-0.0414398190272049,0.0044856427557533,環天科,電子–通信網路
1052,3045,-0.3980329141859096,-0.0414715048860622,0.0027039265405619,台灣大,電子–通信網路
1053,4987,-0.1877256275256406,-0.0420033376054729,0.0013100339456286,科誠,電子–電腦及週邊設備
1054,2027,0.0454923475743796,-0.0427221385944318,0.0018265591970703,大成鋼,鋼鐵工業
1055,4714,-0.0795848356283706,-0.042813858941401,0.0011689558305079,永捷,化學工業
1060,6123,-0.1531966897895324,-0.0434994216103631,0.0013513230733224,上奇,電子–資訊服務
1061,3580,0.1073891129632149,-0.0452029884038037,0.0017722995471558,友威科,電子–其他電子
1062,3052,-0.3275288575457378,-0.0453401612987808,0.0005805341497762,夆典,建材營建
1063,2449,-0.0506210985726596,-0.0457072269744327,0.0021998882839397,京元電子,電子–半導體
1064,3171,0.0234636257808526,-0.0458863976435652,0.0018422847188048,新洲,居家生活
1066,6277,-0.534996400729103,-0.0466701828911944,0.0009541085019009,宏正,電子–電腦及週邊設備
1067,3691,0.0775721502681995,-0.0467359910330854,0.0001327570744251,碩禾,電子–光電
1068,3031,-0.0345608795886872,-0.0468570101763313,0.0020206464178045,佰鴻,電子–光電
1069,2062,-0.0777111216734852,-0.0474897532612934,0.0004392121036289,橋椿,居家生活
1070,1598,0.057871221588602,-0.0476183835711179,0.0002670224675966,岱宇,運動休閒
1071,6405,-0.0547862247124006,-0.0476412174711317,0.0004622089827535,悅城,電子–光電
1072,1216,-0.3747101930005279,-0.0477715527017954,0.0010444295839988,統一,食品工業
1073,6510,0.091379966812454,-0.047838680839629,0.0003517235199979,精測,電子–半導體
1074,6024,-0.577981001338102,-0.0482559567328642,0.0001133502805714,群益期,金融保險
1076,5016,-0.29550146639678,-0.0492504308581399,0.0022101778104115,松和,鋼鐵工業
1077,5403,-0.3317201561281953,-0.0493601776276597,0.0046738833916606,中菲,電子–資訊服務
1078,9944,-0.3909220389949165,-0.0499603658833561,0.0006511547762784,新麗,其他
1079,5014,0.092500711476631,-0.0502082592020555,0.0012510991764429,建錩,鋼鐵工業
1081,8034,0.0554129537876063,-0.0517711524745288,0.000471347826533,榮群,電子–通信網路
1082,4555,-0.2820956002727194,-0.0518751275220007,0.0004370121450847,氣立,電機機械
1083,5285,0.0383402397166359,-0.0526039213340268,0.0019569544310797,界霖,電子–半導體
1087,2723,0.0055490669541764,-0.0535235640687886,0.0001417234241216,美食-KY,觀光餐旅
1088,8473,-0.963053658455614,-0.0535429008173375,0.0007423651986755,山林水,綠能環保
1089,4737,-0.0818346835582619,-0.0541158957327462,0.0018517783246352,華廣,生技醫療
1090,6166,-0.1640075112204704,-0.0565999540627851,0.0006012009289406,凌華,電子–電腦及週邊設備
1091,3321,0.031486375516125,-0.0568921420611583,0.0003171223279423,同泰,電子–電子零組件
1092,4807,-0.1028346467800198,-0.0572171805265078,0.0018901282987826,日成-KY,貿易百貨
1093,3332,0.0447850066579461,-0.0579635709751497,0.0027379104649298,幸康,電子–電子零組件
1094,9924,-0.5259059292501274,-0.0580071236293648,0.0010344275269744,福興,居家生活
1095,8446,-0.2597356326710694,-0.0584805566746607,0.0005551534013648,華研,文化創意
1096,1731,-0.1580040588559124,-0.058556516838135,0.0021885930982534,美吾華,生技醫療
1097,2393,-0.1360382223732229,-0.0586226956022737,0.0009656080746935,億光,電子–光電
1098,5439,-0.1642572538927528,-0.0589576485845503,0.0008823458374536,高技,電子–電子零組件
1099,911868,-0.3219418306630024,-0.0597647533377906,0.00020311931803,同方友友-DR,存託憑證
1101,4528,-0.1328818408415096,-0.0604080582022535,0.000210829405205,江興鍛,電機機械
1102,2929,0.2086593205999508,-0.0606710013127143,0.0007005896768532,淘帝-KY,貿易百貨
1103,2353,-0.1380228997595919,-0.0615206414168642,0.001877044334833,宏碁,電子–電腦及週邊設備
1104,5315,-0.2626679698408968,-0.0616998759262273,0.0002794091042233,光聯,電子–光電
1105,3426,-0.44648084216478,-0.0626682559240278,0.0001452117571716,台興,電機機械
1106,2433,-0.5231796575149693,-0.0638350746025652,0.0014426165816985,互盛電,電子–其他電子
1107,8443,-0.4778140769382493,-0.0644342438890126,0.0001786598268154,阿瘦,貿易百貨
1108,5324,-0.6333500326758651,-0.0646700506139839,0.000135769987537,士開,建材營建
1110,4716,-0.074259975496482,-0.0658065872581099,0.0008998962548503,大立,化學工業
1111,910861,-0.063086876463734,-0.0658576426056204,0.0001776756580511,神州-DR,存託憑證
1114,5490,-0.2310825173282633,-0.067047871519395,0.0001026797031045,同亨,電子–電腦及週邊設備
1116,8477,-0.4345589089051914,-0.0689133633346902,0.0048809881991473,創業家,數位雲端
1120,6016,-0.1792928454912698,-0.0700182861133382,0.0045221095224405,康和證,金融保險
1122,5604,-0.2714828997630158,-0.0706078714760708,0.0012908761218568,中連,其他
1123,4754,-0.7928365116117019,-0.0706542717498744,0.0007892945177445,國碳科,化學工業
1124,1102,-0.4774945315013573,-0.0719974049497363,0.0015132238986552,亞泥,水泥工業
1126,3081,0.0219116748298841,-0.072998854817905,0.0005800875842396,聯亞,電子–通信網路
1127,2355,-0.1364063881515262,-0.0739096839338984,0.0005105946111143,敬鵬,電子–電子零組件
1128,2801,-0.6730507461543856,-0.0741973683737028,0.0009927744758897,彰銀,金融保險
1129,4526,-0.552224793624134,-0.0747495901329135,0.0003341421306686,東台,電機機械
1131,1423,-0.4032024667852183,-0.0757517412728788,0.001454551675124,利華,紡織纖維
1132,4961,0.1390367303015769,-0.0766449015873752,0.0020908155856886,天鈺,電子–半導體
1134,1514,-0.0371310222365158,-0.0776955146200766,0.0038343279447872,亞力,電機機械
1135,5278,0.1121776788372199,-0.0786801491209324,0.0037288002640707,尚凡,數位雲端
1136,3501,-0.5437446789500748,-0.078749366072312,0.0007683554322284,維熹,電子–電子零組件
1137,4529,0.2042723204358766,-0.0789007194313201,0.0002896793033642,淳紳,其他
1138,4426,0.0651869819207498,-0.0792368898334778,5.8549158552523295e-05,利勤,紡織纖維
1139,2908,-0.7807849230889631,-0.080133711734399,0.0028436909924494,特力,貿易百貨
1140,3188,-0.2161664230151392,-0.0802567339076529,0.0010924721136689,鑫龍騰,建材營建
1141,3211,-0.1731262117144463,-0.0807046904822608,0.0030785675444349,順達,電子–電腦及週邊設備
1144,8930,-0.1333582546619079,-0.0818661286656805,0.0024480515839968,青鋼,鋼鐵工業
1145,1104,-0.8126285394607047,-0.0820875349849497,0.0007332342247536,環泥,水泥工業
1146,2231,-0.0360165061462133,-0.0821003537774151,0.000318590158713,為升,汽車工業
1147,4438,-0.2405985684612979,-0.0825707821299965,0.0024946431840362,廣越,紡織纖維
1148,9958,-0.0682445492557094,-0.0829328636723666,0.0019580551052058,世紀鋼,鋼鐵工業
1149,5534,-0.8005932895720905,-0.0836635392447784,0.0005285740444378,長虹,建材營建
1151,8499,-0.3326345781374835,-0.0848011699716664,0.0014009282313054,鼎炫-KY,電子–其他電子
1152,3653,0.1027862961687356,-0.0849542520067552,0.0029720472521148,健策,電子–電子零組件
1157,4950,-0.1061364500884888,-0.0877191640109501,0.0016883679272723,牧東,其他
1158,2458,-0.1336408413134648,-0.0889278474037097,0.0012727363427984,義隆,電子–半導體
1159,5521,-0.5606038841618783,-0.0890279090101852,0.0001526983296571,工信,建材營建
1160,2421,-0.0629490237369966,-0.0894326108741366,0.0010687677204259,建準,電子–電子零組件
1162,3090,-0.4234520909381153,-0.0903390390839003,0.0002969427109746,日電貿,電子–電子零組件
1163,3290,-0.0462376686932983,-0.0904773859880431,0.0036705516540678,東浦,電子–電子零組件
1164,4563,-0.1495364691830667,-0.091588195203324,0.0016898314861464,百德,電機機械
1165,4533,-0.5833113554971893,-0.0919821178980963,0.0006889090218464,協易機,電機機械
1166,2337,-0.2087441279641559,-0.0933744438033792,0.0004756422677019,旺宏,電子–半導體
1167,1710,-0.2976053593460529,-0.0944488475228355,0.0005815044150949,東聯,化學工業
1168,1587,-0.2456580536253471,-0.0946945326082067,0.0025967992896767,吉茂,汽車工業
1171,1324,-0.5834218337144987,-0.0960739485028968,0.0005289252803777,地球,塑膠工業
1173,4560,-1.4860478203541594,-0.0972439416711696,0.0007865173010941,強信-KY,電機機械
1175,6269,-0.3290711370411972,-0.0974221792135043,0.001345278462395,台郡,電子–電子零組件
1176,4126,-0.7069243145310525,-0.097531420493739,0.0003614965962697,太醫,生技醫療
1177,2066,-0.1454659231292434,-0.0981192730972127,0.0019806341369985,世德,電機機械
1178,4999,-0.6505949344365964,-0.0995585655653818,0.0005577207602982,鑫禾,電子–電子零組件
1179,2834,-0.4239818511901311,-0.1003698659066496,0.0040169887724914,臺企銀,金融保險
1180,6464,-1.3320175253776143,-0.1003968740754723,0.0016462246712762,台數科,其他
1181,6672,-0.1580057376209735,-0.100462351574761,0.0044613241552724,騰輝電子-KY,電子–電子零組件
1183,2901,-1.0324301879552285,-0.1009305484317312,0.0013792147801723,欣欣,貿易百貨
1185,4192,0.0794215681570317,-0.1017665555091137,0.0003518142220855,杏國,生技醫療
1186,6206,-0.2256254546692604,-0.1019006157901684,0.004673012139392,飛捷,電子–電腦及週邊設備
1188,912000,-0.3229276610484085,-0.1030927439319489,0.0005680999156538,晨訊科-DR,存託憑證
1190,4506,-0.7723462393427856,-0.1031363104600484,0.0021669530979124,崇友,電機機械
1191,4401,-0.5780788077689216,-0.1031499853985667,4.829290151064925e-05,東隆興,紡織纖維
1192,4561,-0.443237728780095,-0.1032865011044086,0.0034798447850334,健椿,電機機械
1193,6615,-0.6046785251340676,-0.1038087536863577,0.0026472246536286,慧智,生技醫療
1194,1467,-0.4851985007573399,-0.1048391360493911,0.0002268076701739,南緯,紡織纖維
1195,7402,-0.3724715306497038,-0.1055359757308458,0.0005866241790499,邑錡,電子–光電
1196,6505,-0.6893363742861239,-0.1056930127800895,0.0007647930906387,台塑化,油電燃氣
1197,2888,-0.5963626455303322,-0.1058578420495264,0.0014790547393204,新光金,金融保險
1199,4502,-0.304046800187381,-0.1062905191671762,3.4695771660153696e-05,健信,電機機械
1201,1789,-0.3301845162968091,-0.1072276365079054,0.0005072062103863,神隆,生技醫療
1204,3531,-0.0253801148759622,-0.1086258647386343,0.002867420325856,先益,電子–光電
1205,1599,-0.2871119487359656,-0.1086311456161057,0.0016388732547056,宏佳騰,電機機械
1210,8038,0.0177574692959702,-0.109789082266971,0.0008189126310753,長園科,電子–電子零組件
1211,4129,-0.3257506060187788,-0.1100443114634188,0.0003785035062264,聯合,生技醫療
1212,5512,-1.1554373697453673,-0.1110569442999197,0.0006686462820653,力麒,建材營建
1213,8374,-0.3684788554053372,-0.1118807247621691,0.0005212132928136,羅昇,電機機械
1215,6561,-0.7254642309052255,-0.1119658433979829,0.0007903265650384,是方,電子–通信網路
1216,2547,-0.7880140287638194,-0.1120749494747502,0.0004188304083072,日勝生,建材營建
1218,4102,0.0472531050941683,-0.1136594899819122,0.0027830322096633,永日,生技醫療
1219,2727,-0.2859072423310491,-0.1136927051711485,0.0009825340748648,王品,觀光餐旅
1221,2915,-0.1239911871475696,-0.1137889280974758,0.0031763041988597,潤泰全,貿易百貨
1222,2477,-0.3505059539199914,-0.1145134985360168,0.0019663234706968,美隆電,電子–其他電子
1223,3078,-0.423753849315546,-0.1152198488600375,0.0011554615575732,僑威,電子–電子零組件
1224,1109,-0.687529543390883,-0.1159671268975799,0.0013813929217576,信大,水泥工業
1226,4113,-0.8267281206531318,-0.1173018290972676,0.0007320082395381,聯上,建材營建
1227,3164,-0.2299923193596064,-0.1182306929193201,0.0022414103405026,景岳,生技醫療
1230,6477,-0.0478196874043448,-0.1194463187184777,0.003188992573996,安集,電子–光電
1231,1464,-0.8738321712146283,-0.1195131132734937,0.0004096446318726,得力,紡織纖維
1232,5426,-0.106000419962859,-0.1195955974278221,0.0033872359799715,振發,電子–電腦及週邊設備
1233,2816,-0.7312831372836626,-0.1196217297351898,0.0018213810544693,旺旺保,金融保險
1234,8940,-0.1436254186598872,-0.1198043704581886,0.0047106704259931,新天地,觀光餐旅
1236,4956,-0.1848947450939384,-0.1202586990860832,0.0016655165236443,光鋐,電子–光電
1237,6168,-0.3229384376975306,-0.1210412064029156,0.0013305646898515,宏齊,電子–光電
1238,6101,-0.0663096631687533,-0.1214074660188332,0.0001861028655412,寬魚國際,文化創意
1240,8103,-0.4339573143114218,-0.12232814747244,0.0027183550228073,瀚荃,電子–電子零組件
1242,1310,-0.7277449167838794,-0.1239624870582139,0.0007108109784894,台苯,塑膠工業
1243,6153,-0.2533869110429549,-0.1242056536594908,0.0004190657245999,嘉聯益,電子–電子零組件
1244,3522,0.5450826321526799,-0.1243455486405262,0.0002349610449527,御頂,觀光餐旅
1245,8462,-0.4181690701365705,-0.1245246719530533,0.0002717298302741,柏文,運動休閒
1249,6504,-1.832675235312299,-0.1277749718564608,0.0028532400174299,南六,其他
1250,1101,-0.7961648669063177,-0.1287084291608393,0.0047871775350358,台泥,水泥工業
1251,1434,-2.865944201921048,-0.1306175315684272,0.0016491087590111,福懋,紡織纖維
1252,3257,-0.3079884043052102,-0.1311248482921597,0.0028079677795176,虹冠電,電子–半導體
1253,2063,-0.6118269671488569,-0.1321084654953654,0.0022934163498575,世鎧,鋼鐵工業
1254,3317,-0.1364263862059992,-0.1325203341379676,0.0019616482750279,尼克森,電子–半導體
1255,3631,-0.1919859282816095,-0.1352655719984346,0.0009343292185803,晟楠,電子–電子零組件
1256,3325,-0.3764303600976439,-0.13542018445832,0.0005561923571804,旭品,電子–電腦及週邊設備
1257,8929,-0.7723155055765393,-0.1358952504456587,2.606910533131668e-05,富堡,其他
1258,6214,-0.9658911777202726,-0.1363355320221244,0.0031293471402022,精誠,電子–資訊服務
1259,1809,-0.52351576082817,-0.137317552321618,0.001105034178181,中釉,玻璃陶瓷
1260,5230,-0.6538557806105902,-0.1376150996056503,0.0003741015962077,雷笛克光學,電子–光電
1261,3264,-0.3114943297452063,-0.1379656610030782,0.0025624428526498,欣銓,電子–半導體
1262,3024,-0.6401066705152515,-0.1379810350924243,0.000663770488245,憶聲,電子–光電
1263,3032,-0.8349307991119471,-0.1384699107345502,0.0004623822242137,偉訓,電子–電子零組件
1264,2889,-0.9239773475806914,-0.1385442406170351,0.0035027167468797,國票金,金融保險
1265,2471,-0.8226952534343075,-0.139424686231541,0.0034925637664855,資通,電子–資訊服務
1266,8110,-0.4532469107814503,-0.1402528231142537,0.0011872013255924,華東,電子–半導體
1267,3646,-0.5658580541280586,-0.1411059364951954,0.0010561003946349,艾恩特,電子–電子零組件
1268,4711,-0.6601944869155582,-0.1416985354754953,0.0008769137875788,永純,化學工業
1269,1540,-0.6985355227546161,-0.1420357884252547,0.0012319842298893,喬福,電機機械
1270,1103,-1.004892360396194,-0.1427838052993595,0.0007250859343912,嘉泥,水泥工業
1272,4142,-0.4622772375853857,-0.1433790410551981,0.000584083247304,國光生,生技醫療
1275,2596,-1.824563079381217,-0.1443946574884987,0.0011156045620737,綠意,建材營建
1278,2534,-1.1481622566859522,-0.1456916408436575,0.0003301478018329,宏盛,建材營建
1279,1586,-1.835049806395688,-0.1464016639896981,0.0005615684585791,和勤,電機機械
1280,3694,-0.2292805422203124,-0.1467751206314136,0.001409412769135,海華,電子–通信網路
1281,4729,-0.2392962438124556,-0.1470454897566074,0.0006489120587502,熒茂,電子–光電
1283,2106,-0.843132448535863,-0.1479053254551159,0.0008931575894166,建大,橡膠工業
1285,3056,-0.5306724924454059,-0.148515977364726,0.0030475383464363,富華新,建材營建
1286,4938,-0.8111502285661016,-0.1486043042513185,0.0011535864941834,和碩,電子–電腦及週邊設備
1287,8042,-0.6186617626985295,-0.1487291254046111,0.0002563749849286,金山電,電子–電子零組件
1289,2031,-0.3621544916350473,-0.149070870906725,0.0029339624943531,新光鋼,鋼鐵工業
1290,4523,-0.1831619591158835,-0.149216973719357,0.0021718795724154,永彰,電機機械
1291,3058,-0.2632138657994682,-0.1495932522243533,0.0014605213655158,立德,電子–電子零組件
1292,8044,-0.2725616637537356,-0.1504488474702545,0.000166970427017,網家,數位雲端
1294,3689,-0.3696805395987345,-0.1508593601510071,0.0012992272131668,湧德,電子–電子零組件
1296,6671,-0.5678989013776181,-0.1513186177820829,0.0048515402304474,三能-KY,居家生活
1297,5355,-0.5794015967833303,-0.1514697396947752,0.0007158324988267,佳總,電子–電子零組件
1298,2640,-1.2322413025459589,-0.1522478889729578,0.0005678163561242,大車隊,數位雲端
1299,1815,-0.4754513805110685,-0.1523735070290673,0.0009924923506332,富喬,電子–電子零組件
1300,5263,-0.6236434063391895,-0.1524884463864462,0.0001864271225713,智崴,文化創意
1301,2905,-0.930707764659758,-0.1533333738626731,0.0009059946260094,三商,貿易百貨
1302,4503,0.02045936525723,-0.154059111942224,0.0018089348450303,金雨,電機機械
1304,5234,-0.3966465963251454,-0.1563199639706094,0.0017812788064475,達興材料,電子–光電
1305,2488,-0.7728403915198037,-0.1564242325602413,0.0002754294143869,漢平,電子–其他電子
1306,6236,-0.1082295740237274,-0.1574773654943931,0.0005325312413333,中湛,其他
1307,2478,-0.5867697828316238,-0.1578720735313039,0.0002197718108618,大毅,電子–電子零組件
1308,5464,-0.3132148523839923,-0.1582414963658044,0.0049331017798976,霖宏,電子–電子零組件
1309,6470,-0.1640726604984076,-0.1589404356566275,0.0044753731235687,宇智,電子–通信網路
1310,8481,-0.9719841434720428,-0.1593955988049035,0.0046951986150816,政伸,其他
1311,8201,-0.2759226634409473,-0.1608789623314955,0.0019913370415451,無敵,電子–其他電子
1312,8076,-0.4333342138939738,-0.1611801605474551,0.0003254778212067,伍豐,電子–電腦及週邊設備
1313,8926,-0.8931085977633513,-0.1620210305776761,0.0032554555273236,台汽電,油電燃氣
1314,6525,-0.6837601766611389,-0.1623041127812764,0.0012516724909801,捷敏-KY,電子–半導體
1315,2373,-1.6084185970727944,-0.162429779191994,0.0005267485466902,震旦行,電子–其他電子
1319,3202,-0.3505836473081682,-0.1628465907908182,0.0007196583392214,樺晟,電子–電子零組件
1321,8039,-1.0947721260434875,-0.1631729136820173,0.0015995999710867,台虹,電子–電子零組件
1322,3346,-0.2360083329752504,-0.1633160420548311,0.0003596760161599,麗清,汽車工業
1324,3483,-0.3679692784774237,-0.1642975966331759,0.0011136443645227,力致,電子–電腦及週邊設備
1325,6204,-0.5411914281770488,-0.1647010886930763,0.0004200114576633,艾華,電子–電子零組件
1326,3044,-0.8097470905875983,-0.1652500993680378,0.0023020231601549,健鼎,電子–電子零組件
1327,2065,-0.9214533283718106,-0.1672166333993257,0.0018863020159187,世豐,鋼鐵工業
1329,2354,-1.0315754860926285,-0.1685681796890696,0.0008642830325698,鴻準,電子–其他電子
1330,2115,-1.1818570311021062,-0.1687048203147161,0.0003707446749103,六暉-KY,汽車工業
1331,3218,-0.3326287242886195,-0.1687848603149187,0.0013363438483793,大學光,生技醫療
1332,6239,-1.016953825838152,-0.1690490616543047,0.0028487841482274,力成,電子–半導體
1333,4138,-1.1571169830870267,-0.1695034783787265,0.0019706224993569,曜亞,生技醫療
1334,3115,-0.3478880384191178,-0.1699756511890629,0.0003998807460448,富榮綱,電子–電子零組件
1335,6108,-1.0958314829622036,-0.1700072048845349,0.0003986609963249,競國,電子–電子零組件
1336,6139,-0.6815606132476338,-0.1701561826380971,0.0015797814921825,亞翔,電子–其他電子
1337,4123,-0.8767618332647705,-0.1712790933034017,0.0009298948680225,晟德,生技醫療
1338,5356,-1.4063216846856157,-0.1723666474517816,0.0002629592563607,協益,電子–電腦及週邊設備
1341,6261,-0.8286729897073541,-0.1732043549506551,0.0018542294492362,久元,電子–半導體
1342,4933,-0.9300030859360832,-0.1732673497711412,0.0025116901742876,友輝,電子–光電
1343,6150,-0.0198501055808018,-0.1739972636532192,0.0002758066148089,撼訊,電子–電腦及週邊設備
1344,3040,-1.321188781781696,-0.1748196008200311,0.000262942172867,遠見,其他
1345,6426,-0.2337501043848093,-0.1760310474793505,0.0002929291495092,統新,電子–通信網路
1349,2302,-0.2854382294852442,-0.1773518472207308,0.0048272833519149,麗正,電子–半導體
1351,3356,-0.2130358799523222,-0.1788329102255836,0.0010522216307435,奇偶,電子–光電
1354,4979,-0.1049765316553199,-0.1810526668766371,0.0010968887536364,華星光,電子–通信網路
1355,3705,-1.1323861254971528,-0.1812936603320477,0.003858497893816,永信,生技醫療
1356,8083,-2.286215005115232,-0.1820141907777908,0.0013732167608395,瑞穎,電機機械
1357,2349,-0.9351277879025736,-0.1834740021117787,0.0002453392121424,錸德,電子–光電
1360,2527,-0.9820188855732668,-0.1887118001004052,0.0019603610635385,宏璟,建材營建
1361,6179,-1.1444967639129149,-0.1891448242754363,0.0005654380693158,亞通,其他
1362,2926,-0.720676114785576,-0.1896752046284049,0.000152726881879,誠品生活,文化創意
1363,4168,-0.2796925423458049,-0.1906266868098636,0.0023028645700833,醣聯,生技醫療
1364,4958,-0.7320298556898105,-0.1907231827078266,0.0020268484440748,臻鼎-KY,電子–電子零組件
1365,6542,-0.3846220672915965,-0.1918068820631521,0.0007399782844004,隆中,文化創意
1366,8489,-0.7851385034445808,-0.1920242741416342,0.0018046614641207,三貝德,其他
1367,1451,-1.0316753477924037,-0.1920528160336789,0.0012579358281072,年興,紡織纖維
1368,8354,-1.739127957516524,-0.1927368918962335,0.0010248007893096,冠好,其他
1369,1762,-0.4949427421726419,-0.1927468851198281,0.0016253136127488,中化生,生技醫療
1370,4417,-1.2953449622817554,-0.1927761381228498,0.0009442456630495,金洲,紡織纖維
1371,2049,-0.5803331199298063,-0.1927996035423638,0.0009105459903366,上銀,電機機械
1372,2429,-0.3935319234697619,-0.1937737200637509,0.0002107850878019,銘旺科,電子–光電
1373,9937,-2.345137986687746,-0.1938206655713622,0.0016043867362895,全國,油電燃氣
1374,8074,-0.9273297333706638,-0.1939678922651462,0.0009330230923296,鉅橡,電子–電子零組件
1375,8163,-1.0022583248642485,-0.1943488802845715,0.0003443206796873,達方,電子–電腦及週邊設備
1376,5340,-0.8013234365599168,-0.1952088598732589,0.0002319758225439,建榮,電子–電子零組件
1378,3622,-0.5420086422507542,-0.196275837132698,0.0029892558959545,洋華,電子–光電
1379,4552,-1.4809882795371918,-0.1964553625852642,4.316814545290981e-05,力達-KY,電機機械
1381,1506,-0.2980486203067419,-0.1969606005517852,0.0021111765599926,正道,電機機械
1384,6203,-0.7109810715775374,-0.1977142174792531,0.0007053793269733,海韻電,電子–電子零組件
1385,3406,-0.3307405346852222,-0.2000504668431281,0.0007970169681357,玉晶光,電子–光電
1387,1569,-0.7705831034472816,-0.200715578392019,0.0005555748375627,濱川,電子–電腦及週邊設備
1388,2748,-0.5619394470204186,-0.2010229839066215,0.0015095951894181,雲品,觀光餐旅
1390,1580,-1.567757136914245,-0.2013992356952101,0.0002802272774715,新麥,電機機械
1395,8088,-0.8027331627014337,-0.204541511189597,0.0007994726620381,品安,電子–半導體
1396,2851,-1.1034724592762448,-0.2046300221534976,0.0038807171804364,中再保,金融保險
1397,2537,-1.604562817036871,-0.2050043781807157,0.0007596001651108,聯上發,建材營建
1398,4139,-1.1984973924967883,-0.2057432382319415,0.00072975306648,馬光-KY,生技醫療
1399,4128,-0.4166793148562485,-0.2057592745956705,0.0015894940079306,中天,生技醫療
1401,2425,-0.8482166950574782,-0.207107719722352,0.0005393057308538,承啟,電子–電腦及週邊設備
1402,1444,-1.112919444830617,-0.2072297765503454,0.0007893232577771,力麗,紡織纖維
1403,8011,-0.7520944840916363,-0.2073732126311856,0.0009149370052909,台通,電子–通信網路
1404,6209,-0.6227621781148527,-0.208690904978033,0.0005773445263912,今國光,電子–光電
1405,3679,-0.8154249275598672,-0.2088604146613021,0.0006730442310072,新至陞,電子–電子零組件
1406,8942,-1.9292607172815504,-0.2100160316957632,0.0003750620771825,森鉅,其他
1407,6220,-0.5112162900478339,-0.2101257859393779,0.0007509443116759,岳豐,電子–電子零組件
1409,3231,-1.5058222640571348,-0.2107773098309533,0.0011707463345373,緯創,電子–電腦及週邊設備
1412,6195,-1.814481868946956,-0.2113087549893279,0.0008913002693589,詩肯,居家生活
1413,1337,-0.798498964622425,-0.2138066011809861,0.0002012498357544,再生-KY,塑膠工業
1415,3492,-0.6435256647878372,-0.2143395412538795,0.0003523852756188,長盛,電子–電子零組件
1417,1734,-0.5693741207782147,-0.2150364428331067,0.0004899838622804,杏輝,生技醫療
1419,1432,-0.3022044959200789,-0.2159522548991107,0.0017258483039768,大魯閣,運動休閒
1420,5203,-0.6188841618744381,-0.2160144718833029,0.0022733037985744,訊連,電子–資訊服務
1422,3390,-0.3159129861010879,-0.2173487190619714,0.0041204158624168,旭軟,電子–電子零組件
1423,6568,-0.0900240938465505,-0.2183277403090369,0.003266712417826,宏觀,電子–半導體
1424,4912,-0.4441982900039475,-0.2195821834394739,0.0012555677112686,聯德控股-KY,電子–電子零組件
1426,6506,-1.1943754338739052,-0.2211644929652423,0.0023385306994896,雙邦,紡織纖維
1427,9938,-0.9568944643456976,-0.221500428920927,0.0005977547134534,百和,其他
1428,2809,-1.7480790214723974,-0.2219728978992582,0.0025842310096777,京城銀,金融保險
1430,6569,-1.489713837451616,-0.2233817709135203,0.0001816910548768,醫揚,生技醫療
1431,2413,-0.5166219731806744,-0.2237891600863497,0.0008346020185854,環科,電子–電子零組件
1432,6155,-0.9401355140308344,-0.225082773479161,0.0004162423483649,鈞寶,電子–電子零組件
1433,4935,-0.8917491028977358,-0.2263458603006186,0.0005383808056649,茂林-KY,電子–光電
1434,6283,-0.4412140654278434,-0.2265947068308625,0.0006709229382977,淳安,電子–其他電子
1435,8383,-1.8847675338219836,-0.2269408432198535,0.0004495356570259,千附,電子–其他電子
1437,3607,-0.7953654354032172,-0.227294872129254,0.0002638790165292,谷崧,電子–電子零組件
1439,2528,-1.3571698685342917,-0.2291787675767142,0.0009477652374698,皇普,建材營建
1440,2221,-0.6555291956575774,-0.2321582062962808,0.0027041432331316,大甲,其他
1441,8341,-1.09592435618575,-0.2326950126171131,0.0014808878895564,日友,綠能環保
1442,1582,-2.2660111223004136,-0.2340343830978581,0.0008499505784129,信錦,電子–電子零組件
1443,8411,-1.6119586206967509,-0.2347272436252271,0.0006853396607766,福貞-KY,其他
1444,5364,-0.4175804055702302,-0.2348996975263484,0.0006086967914598,力麗店,觀光餐旅
1445,2392,-1.350709680533421,-0.2353793123682291,0.0008702340128365,正崴,電子–電子零組件
1446,1597,-1.009734443991274,-0.2358229033177771,0.0001790611713659,直得,電機機械
1448,2327,-0.5349204444021768,-0.2377004582777097,0.000435831667346,國巨,電子–電子零組件
1449,4532,-1.6710658521905095,-0.2385947314574113,0.0003177798835167,瑞智,電機機械
1451,2461,-1.27034916501307,-0.2390935452437669,0.0021914112876402,光群雷,電子–其他電子
1452,2408,-0.9146469044319148,-0.2394124992268382,0.0014316460692498,南亞科,電子–半導體
1454,4971,-0.834653392843067,-0.2414860915468221,0.0005379087815526,IET-KY,電子–半導體
1457,6432,-0.5142853396007792,-0.2432512788492549,0.0018271058179379,今展科,電子–電子零組件
1458,4735,-0.7282003637609982,-0.2440702217280798,0.0004021124841528,豪展,生技醫療
1460,3234,-0.5989979981453263,-0.2462079337345049,0.0001970724024431,光環,電子–通信網路
1462,1558,-2.246210026492446,-0.2468956314653513,0.0017936655058292,伸興,電機機械
1463,3512,-1.5891472438750724,-0.2469396416727632,0.0002572983391928,皇龍,建材營建
1465,1313,-1.0735897788595372,-0.2476991450208107,0.0019668554159579,聯成,塑膠工業
1466,5212,-0.7466700762524248,-0.248461333558005,0.0006530508107971,凌網,電子–資訊服務
1467,2731,-0.7313350702623578,-0.2485633480932421,0.0040156610193662,雄獅,觀光餐旅
1468,3178,-0.5058126201001077,-0.2486690033137712,0.0032984187564579,公準,電子–半導體
1469,9951,-1.5193924216522772,-0.2493008792521502,0.0001022441522309,皇田,電機機械
1470,4960,-0.9239682366255142,-0.2494570137964641,0.0004513794510785,誠美材,電子–光電
1471,9110,-1.0097377469094262,-0.2494856446686247,9.759060776559636e-05,越南控-DR,存託憑證
1473,8070,-1.2091619742318254,-0.2513026049171935,8.467005545753636e-05,長華*,電子–電子通路
1475,3217,-0.5905995124142052,-0.2515410352229352,0.0018028565318672,優群,電子–電子零組件
1476,1516,-0.6220730636107168,-0.2522358055944943,0.0039383207767969,川飛,其他
1479,8937,-0.879010459955236,-0.2568713389012521,0.0024074088869383,合騏,其他
1481,910322,-1.1389215316580574,-0.2580541310379061,0.001840666787757,康師傅-DR,存託憑證
1482,6173,-1.10893362644033,-0.2584787481919399,0.0001821906998884,信昌電,電子–電子零組件
1484,5469,-1.2517183220386952,-0.2587264992509092,0.001877150083601,瀚宇博,電子–電子零組件
1487,6148,-1.1342335219533195,-0.2607615951131022,0.0009486944600212,驊宏資,電子–資訊服務
1488,9935,-1.6683297037043796,-0.2624571859247156,8.731527327654476e-05,慶豐富,居家生活
1489,3060,-1.147314277619346,-0.2632951989002042,0.0002649247890076,銘異,電子–電腦及週邊設備
1490,3131,-0.6622275176821174,-0.2637929745226907,0.0032247955459752,弘塑,電子–其他電子
1492,3287,-0.6260161081009515,-0.2647627334618724,0.0004121418351132,廣寰科,電子–電腦及週邊設備
1495,3693,-0.4456287950338851,-0.2671753960749582,0.0034571859978314,營邦,電子–電腦及週邊設備
1496,1796,-0.8852532139368987,-0.2679755147575589,0.0021378057008405,金穎生技,食品工業
1498,1732,-0.4038707253897212,-0.2692269180765957,0.0042443986749276,毛寶,化學工業
1499,1781,-0.4178691546921443,-0.2707276144516537,0.0002989281483678,合世,生技醫療
1502,6605,-1.21012465888301,-0.2725673058770705,0.0016291919091599,帝寶,汽車工業
1505,2489,-1.2124541403765088,-0.276125390334661,0.0008726943860892,瑞軒,電子–光電
1506,4991,-1.234573285071134,-0.2772975790801551,0.0005801972765766,環宇-KY,電子–半導體
1507,3374,-0.6351012035331922,-0.2801979548704648,0.00117568711903,精材,電子–半導體
1510,6516,-1.5177456243563014,-0.2815448641687915,0.0018222374856122,勤崴國際,電子–資訊服務
1511,2029,-1.1590180729027624,-0.2818286643947438,0.0013461889102472,盛餘,鋼鐵工業
1515,8234,-0.7998056358003126,-0.2868077324892975,0.0032124334175023,新漢,電子–電腦及週邊設備
1518,2417,-0.6007501844113479,-0.2870937192648937,0.0003710069668159,圓剛,電子–電腦及週邊設備
1519,2069,-0.8927075136589951,-0.2880520374919986,0.002001640634262,運錩,鋼鐵工業
1521,8299,-0.9716830652476784,-0.2895035006540796,0.0030895312447682,群聯,電子–半導體
1522,2358,-0.761259182519693,-0.2895492907995433,0.0013526951661333,廷鑫,其他
1523,8155,-0.4972725070090206,-0.2901145255072612,0.0042370471055619,博智,電子–電子零組件
1524,1452,-2.2199760951092795,-0.2904837575013408,0.0024122099202941,宏益,紡織纖維
1525,4306,-2.6239465353932743,-0.2923945439510823,0.0008388872483919,炎洲,塑膠工業
1527,6185,-1.7305622194122223,-0.2953191151028973,0.0003867372520289,幃翔,電子–電子零組件
1529,6552,-1.4560770196872728,-0.2978855974822479,0.0002125725786754,易華電,電子–半導體
1530,2104,-2.359867595245157,-0.298335951497822,0.0003526522232277,國際中橡,橡膠工業
1531,3623,-0.6880885739848835,-0.2986722201946281,0.0002823192289724,富晶通,電子–光電
1532,5450,-1.3844093412048053,-0.3000999048637331,0.0005902811935811,南良,其他
1534,6219,-1.3858910164792266,-0.300620370784378,0.001075247024346,富旺,建材營建
1537,1568,-0.7684060011794761,-0.3078021716960761,0.0016100421353257,倉佑,汽車工業
1538,3617,-1.0630078386353878,-0.3092628576303231,0.002861898368792,碩天,電子–其他電子
1541,2367,-1.1055934542924764,-0.3117053657722563,0.0010062272485811,燿華,電子–電子零組件
1542,1528,-1.6326691089188012,-0.3128345532733647,0.0008224398952734,恩德,電機機械
1544,3227,-1.2538924652655783,-0.3131364819326336,0.0009971722138288,原相,電子–半導體
1545,2492,-1.179390294923247,-0.3179418478294453,0.0002514397510822,華新科,電子–電子零組件
1546,1541,-0.8641302353539101,-0.3204159293234017,0.0026272605050507,錩泰,電機機械
1547,2387,-1.4865949200640194,-0.3209006977894627,0.0006908928917255,精元,電子–電腦及週邊設備
1549,3630,-0.8257640448960865,-0.322381119782127,0.0001397492528667,新鉅科,電子–光電
1551,2035,-1.5902917775607357,-0.323634582223411,0.0023340116276813,唐榮,鋼鐵工業
1555,6111,-0.7453517592432348,-0.3335179075892232,0.0006140057066659,大宇資,文化創意
1556,3259,-1.1667822200724285,-0.3337552287329451,0.0004778392967637,鑫創,電子–半導體
1558,2739,-1.0887390717504226,-0.3341247079401314,0.0016684931451891,寒舍,觀光餐旅
1559,3541,-1.7974536987650245,-0.3345900547122085,0.0001916267415253,西柏,電子–其他電子
1560,2736,-0.5373402993749279,-0.3359556272665647,0.0048995837914844,富野,觀光餐旅
1561,911608,-2.4752401531286417,-0.3359796195452667,0.0003847386142297,明輝-DR,存託憑證
1562,4130,-0.92068583018092,-0.3377862868324834,0.0008589108947489,健亞,生技醫療
1564,6488,-0.8624826883694016,-0.3400475146478161,0.0031404675828525,環球晶,電子–半導體
1565,3092,-0.8785878534369865,-0.3402478200091455,0.0027680976490955,鴻碩,電子–電子零組件
1566,6230,-1.029182547152687,-0.3415905598858833,0.0007045937418297,尼得科超眾,電子–電腦及週邊設備
1568,3523,-0.6197478213137545,-0.3433195942228282,0.0012328775301284,迎輝,電子–光電
1571,9934,-3.2169400606566385,-0.3454149957453043,0.0003580867060009,成霖,居家生活
1572,8463,-1.1906983012974643,-0.3466168504210779,0.0014330972280731,潤泰材,其他
1573,8450,-0.4837997275816292,-0.3478938050032523,0.0023523203763033,霹靂,文化創意
1574,9103,-0.4539306176786176,-0.3490146409008642,6.820603175583528e-05,美德醫療-DR,存託憑證
1575,5457,-0.9863028358063098,-0.3504394200737408,0.0010192260706389,宣德,電子–電子零組件
1579,6278,-1.2274921043876947,-0.3533054168634409,0.0021448308907565,台表科,電子–光電
1580,6240,-0.5903852519866863,-0.3572406955912851,0.0002594893187506,松崗,其他
1581,6175,-1.3852682699435588,-0.3583466184606257,0.0010164631075895,立敦,電子–電子零組件
1582,3563,-1.6076586582456656,-0.3593537746480525,0.0001964215889529,牧德,電子–光電
1583,4164,-1.734228543730315,-0.3601332952943446,0.0024712102531339,承業醫,生技醫療
1584,4106,-1.048667684827348,-0.3607840336878709,0.0027347099203325,雃博,生技醫療
1585,3004,-1.580260748711691,-0.3621577979075049,0.0012001845425402,豐達科,鋼鐵工業
1588,8444,-1.5901419319740464,-0.3701422392402918,0.0009260852834813,綠河-KY,其他
1590,2904,-3.0271545701997966,-0.3712392931783331,0.001382864502375,匯僑,其他
1592,3055,-1.4724343021528083,-0.3716308357136286,0.000719565716281,蔚華科,電子–電子通路
1594,1449,-0.6329617185169848,-0.3726292006089168,0.0041506205452606,佳和,紡織纖維
1597,4530,-0.9379794073890638,-0.3758644590397321,0.0010000116672017,宏易,觀光餐旅
1599,6164,-1.465508216330602,-0.3777756131703166,0.0022687472592224,華興,電子–光電
1600,3465,-1.2171985587312055,-0.3779755320218716,0.0009245822748198,進泰電子,電子–電子零組件
1601,4911,-0.5872054834438446,-0.3794059032165076,0.0027196727985483,德英,生技醫療
1602,6120,-2.007088867986925,-0.3799176281103816,0.0001282236406723,達運,電子–光電
1603,3191,-0.6586744556948582,-0.3832810423755303,7.138246019167127e-05,雲嘉南,電子–電子零組件
1604,5245,-0.8896504227955987,-0.3834711051190385,0.0014140350231173,智晶,電子–光電
1605,8941,-1.3446656396693533,-0.3868181724336001,0.0020310543238792,關中,居家生活
1607,2722,-1.2503214819660706,-0.3887244463446376,0.0015123228440643,夏都,觀光餐旅
1609,6152,-1.5392467932075586,-0.3891017717385152,0.0019030420662602,百一,電子–通信網路
1612,2538,-2.596100198555108,-0.392774342741004,0.0015185642187134,基泰,建材營建
1614,5328,-2.043338535169948,-0.3944686835516374,0.0005128012899149,華容,電子–電子零組件
1615,6499,-1.1302755128671758,-0.3951453814983934,0.0007559326695627,益安,生技醫療
1616,1515,-1.2366464595861404,-0.3953717950666022,0.0009140956135524,力山,電機機械
1618,3685,-0.74996911839407,-0.3974131818678121,0.001079124473108,元創精密,電機機械
1622,4804,-0.3818135140502307,-0.4027717578996401,0.0004711223417643,大略-KY,觀光餐旅
1623,2924,-0.7181437152947886,-0.411791632371989,0.0033231553934456,宏太-KY,居家生活
1626,2462,-1.3438367403975888,-0.4176152670786232,0.0048640824097674,良得電,電子–電子零組件
1627,1752,-2.1295588947407404,-0.4183915519755505,0.0039345588465948,南光,生技醫療
1629,3083,-1.5282206760827932,-0.4239745724622004,0.0009234485678462,網龍,文化創意
1632,2444,-1.11998706267185,-0.4292426147823927,0.0005908998628001,兆勁,電子–通信網路
1633,3669,-1.1758849478503448,-0.4341042808479141,0.0003204767635907,圓展,電子–通信網路
1636,8105,-2.102500648295716,-0.4422330628155244,0.0005226519788266,凌巨,電子–光電
1637,3049,-2.447616814379214,-0.4439134297446768,0.0016442002524854,精金,電子–光電
1638,6560,-1.1186484432980726,-0.4484578905996978,0.0026490536984056,欣普羅,電子–光電
1640,5488,-1.7302541622911771,-0.4489910814813284,0.0019627177898655,松普,電子–電子零組件
1641,4712,-1.9237435307600317,-0.4494437968914951,0.0005381698374549,福格創新,食品工業
1642,6213,-1.7603976595971942,-0.4499895229513408,0.0022876450238982,聯茂,電子–電子零組件
1643,1721,-1.1761539524939386,-0.453254424614929,0.0020753605058416,三晃,化學工業
1644,3224,-1.6353932981981931,-0.4537089087380355,0.0032287649373756,三顧,電子–電子通路
1646,8210,-2.342892412815137,-0.4614514602649244,0.0012773918570019,勤誠,電子–電腦及週邊設備
1647,3615,-2.524256572588176,-0.463178541529027,0.0013138605118001,安可,電子–光電
1648,3362,-1.104385699923668,-0.4648085026987184,0.0016883589487406,先進光,電子–光電
1649,3552,-1.084916339585234,-0.4669638673474257,0.0002468966995365,同致,電子–其他電子
1650,4133,-1.0925756254603631,-0.4682280925819014,0.0018294801657248,亞諾法,生技醫療
1651,3645,-1.39164835319174,-0.472172337712164,0.0021182667587709,達邁,電子–電子零組件
1652,4147,-1.6639336001563012,-0.4728756746419868,0.0001032478216984,中裕,生技醫療
1653,3504,-1.1801602036257666,-0.473067435368101,0.0015746286007924,揚明光,電子–光電
1654,6531,-1.1801827987503035,-0.4736042662153742,0.0028538795450003,愛普*,電子–半導體
1655,3013,-1.7706137200329868,-0.476158198910682,0.0026833023111976,晟銘電,電子–電腦及週邊設備
1656,4162,-1.1259419800230557,-0.4808141987123005,0.0010238402610411,智擎,生技醫療
1661,3441,-1.290144810889225,-0.4839890956499441,0.0014870451996102,聯一光,電子–光電
1663,3557,-2.3017896248756644,-0.488171698262294,0.0015696835434937,嘉威,居家生活
1665,4760,-2.3922490199443454,-0.4889849860320226,0.0021788383637613,勤凱,電子–其他電子
1666,3518,-2.006842618956946,-0.4901939552329377,0.0008769492196734,柏騰,電子–其他電子
1669,4806,-1.2362628589111633,-0.4993254450162157,2.4995320700327284e-05,昇華,文化創意
1671,3152,-1.8589436089820075,-0.5027203168279997,0.0014299240428954,璟德,電子–通信網路
1672,3324,-1.603703781419942,-0.503199120827117,0.0023492802138207,雙鴻,電子–其他電子
1674,4726,-1.896255846661325,-0.5079264618421674,0.0014146627072477,永昕,生技醫療
1677,5269,-1.5147445038810936,-0.5165305534146238,0.0018760094899334,祥碩,電子–半導體
1678,9950,-1.6515077238595204,-0.5184287957653683,0.0010756932679214,萬國通,塑膠工業
1679,3085,-1.4339512434023536,-0.5232493275589539,0.0002464154381414,新零售,數位雲端
1681,4304,-0.8859408506509342,-0.5290429380044135,0.0042203291777695,勝昱,塑膠工業
1682,2390,-2.142110514544971,-0.5292088018713713,0.0021522488532355,云辰,電子–其他電子
1684,6274,-2.4521594285354027,-0.5310839314250022,0.0012823310316889,台燿,電子–電子零組件
1685,3105,-1.698866354528022,-0.5322578553869318,0.001795199677872,穩懋,電子–半導體
1687,6538,-2.299947881490404,-0.5391912970231649,0.0003088438802478,倉和,電子–電子零組件
1689,8107,-2.783121625186774,-0.546192680636603,0.0004783148588103,大億金茂,電機機械
1690,6103,-1.1897911088132909,-0.5495057991964408,0.0007194051213446,合邦,電子–半導體
1691,4746,-2.1864402489527426,-0.5499428337246729,0.0014371849792951,台耀,生技醫療
1693,8349,-3.0570765663590773,-0.5565371919297789,0.0010361619938521,恒耀,鋼鐵工業
1695,6582,-1.963104531526565,-0.5626819449321612,0.0017679672018857,申豐,橡膠工業
1696,4554,-2.3675461215640894,-0.5861259752509688,0.0005989946575937,橙的,電子–其他電子
1697,4121,-2.397788158101639,-0.5892425063826323,0.003551348032488,優盛,生技醫療
1699,3508,-1.6102730191693189,-0.596439696382891,0.0034972122957697,位速,電子–其他電子
1703,6140,-1.9304864400713857,-0.6276533278539218,0.0017253223268198,訊達,電子–資訊服務
1706,3494,-1.4979529778639415,-0.6548956675484819,0.0025876113741105,誠研,電子–電腦及週邊設備
1708,2740,-2.2127347155436072,-0.6603698544383784,0.0021549715565925,天蔥,觀光餐旅
1713,3205,-1.9640610405222048,-0.7266334513408714,0.0002261667372067,佰研,生技醫療
1714,4402,-1.914580147403422,-0.7291860275550153,0.0037167018253967,福大,紡織纖維
1716,4171,-2.689655541862027,-0.7337369451581701,0.0015586376598548,瑞基,農業科技
1718,8080,-0.205573068347805,-0.7695132834727281,0.0035429602430667,印鉐,建材營建
